-0.12989394,-0.768864333,-0.341839514,-0.490840562,-0.624744076,0.099870817,C3,1
-0.232911305,0.965425882,0.260851762,-0.55982009,-0.757731861,-0.224858602,C1,2
0.922340897,-0.62882961,-0.519066839,0.405075966,-0.550574159,-0.579995267,C5,3
-0.994290966,-0.126312373,0.230341614,-0.654845621,-0.781734769,0.125591252,C1,4
0.849801682,0.473080177,-0.758059877,0.876468469,0.960867653,0.40202433,C4,5
-0.937832183,0.697686413,0.068691145,0.57519833,0.174120597,-0.654312772,C2,6
0.563427029,-0.63001615,0.731093839,-0.742076699,0.306411006,-0.354968128,C5,7
0.657113921,0.565855717,0.066442801,0.50883579,-0.301910765,0.371831669,C3,8
0.411471475,0.526267023,-0.487385653,-0.524586055,0.559135715,0.216543868,C2,9
0.172972533,0.073876646,0.883618792,0.059744319,0.233830112,0.012778631,C4,10
-0.582655366,0.271998688,-0.899203532,-0.710174049,0.699749269,-0.158481495,C1,11
-0.607225954,-0.211121093,0.906841477,0.682496337,0.772377218,0.128198207,C4,12
-0.816185452,0.503786156,-0.840928172,0.949738855,-0.259715581,-0.411182932,C1,13
-0.353290496,-0.723092468,0.018467088,0.771950927,-0.288207286,0.255461697,C4,14
0.604549091,-0.111915725,-0.864237082,-0.272141052,0.706546214,-0.06765855,C4,15
-0.024331963,0.43693434,0.745495946,-0.894745545,0.15779833,-0.01063147,C2,16
-0.134038302,-0.667018859,-0.814136864,-0.910203556,0.063863647,0.089406075,C2,17
0.504893227,-0.297759884,-0.571321567,0.940540832,0.819206735,-0.150336949,C5,18
0.453048906,-0.211975514,-0.361131649,-0.249985585,0.152579423,-0.096035275,C4,19
0.985229148,-0.277926953,-0.029173016,0.593051691,0.809218586,-0.273821735,C5,20
0.075344835,0.680770324,0.109355552,0.10549182,0.81754645,0.051292528,C3,21
-0.763157501,0.289713131,-0.247921054,-0.301402779,-0.118485602,-0.221096749,C1,22
-0.789765428,-0.838735788,0.994123471,0.231923609,-0.093740215,0.662404528,C4,23
0.917936475,0.008579162,-0.094410582,-0.999537941,-0.483202481,0.007875126,C3,24
0.421767436,-0.786632313,-0.703653631,0.741849105,-0.08124988,-0.331775894,C5,25
-0.101403284,-0.262411712,-0.656841734,-0.669837788,-0.59725224,0.026609409,C2,26
-0.798781778,0.012125007,0.688131038,0.338353721,0.037378313,-0.009685234,C3,27
-0.203125467,-0.58333544,0.409642205,-0.440721296,-0.77659134,0.118490284,C3,28
-0.903331284,0.910130153,0.594709615,-0.454057494,0.223077301,-0.82214904,C1,29
0.63773842,-0.189389033,0.731673091,0.899648725,0.013148805,-0.120780663,C5,30
0.65417086,0.250803186,0.661431168,-0.382960604,-0.856186664,0.164068135,C3,31
-0.148090996,0.831756963,-0.922751935,0.413106233,0.293937332,-0.123175717,C1,32
-0.606376327,-0.501751577,0.12488944,0.352107498,-0.353026459,0.304250278,C3,33
0.634856046,-0.67119105,0.886080791,-0.260619227,-0.079809586,-0.426109696,C5,34
-0.761195035,-0.975882167,0.726136165,-0.25503765,-0.696908902,0.74283666,C3,35
0.579217971,0.843024042,0.107708434,-0.652654585,-0.938383812,0.488294675,C1,36
-0.11000955,0.406776637,0.275622202,0.981749831,-0.019459098,-0.044749315,C4,37
0.200484925,-0.610191521,0.467203069,0.388822907,-0.680575644,-0.122334201,C5,38
0.749254279,-0.564344683,-0.612999686,0.633801634,0.794209698,-0.422837669,C5,39
0.387205389,-0.503355111,-0.815456603,0.201464386,0.982984401,-0.194901812,C5,40
0.159790462,0.609933248,-0.27578984,-0.72138392,-0.470758688,0.097461515,C1,41
-0.172416116,-0.628237894,0.385080192,0.204356985,0.333865816,0.108318337,C5,42
-0.306474979,0.99092262,0.917445469,-0.841346117,0.922953505,-0.30369299,C2,43
-0.771236505,-0.943846394,0.436543895,-0.009403729,-0.09638505,0.727928795,C3,44
0.616068627,0.180050362,0.331721564,0.131852981,0.824758911,0.110923379,C5,45
0.008536171,0.438680162,0.271369029,0.321779266,0.44999295,0.003744649,C3,46
-0.326712802,-0.574140302,-0.010837186,0.886995644,-0.56306937,0.187578987,C4,47
0.031555823,-0.070168134,0.053026351,0.480896141,-0.754672383,-0.002214213,C3,48
0.831916265,0.797987292,-0.883340301,-0.772304591,-0.514277196,0.663858608,C1,49
-0.512155967,-0.600649283,0.40838118,0.470332492,-0.321241662,0.307626115,C4,50
-0.955236104,0.840366731,0.625047653,0.520594154,-0.40374318,-0.802748642,C1,51
-0.569074525,-0.411700904,0.207220738,0.544851397,-0.271180681,0.234288496,C3,52
-0.061161662,-0.184961967,-0.063455349,0.958558481,-0.98894364,0.011312581,C4,53
0.463244665,0.787264889,-0.471322722,0.704020427,-0.978795297,0.36469626,C2,54
0.857407742,-0.707367977,-0.943823223,-0.779199213,0.564114294,-0.60650278,C5,55
0.199095126,0.48300903,0.486074823,0.870549178,0.11010978,0.096164743,C4,56
-0.373277855,0.691709436,-0.592589711,-0.751034073,0.169187624,-0.258199815,C1,57
-0.395387888,0.601293893,-0.514459556,0.599449291,-0.516850891,-0.237744322,C1,58
-0.778295165,-0.557596034,-0.644595851,0.596118004,0.077890101,0.433974297,C2,59
-0.017255445,-0.862865947,0.96736535,-0.407978945,0.15443025,0.014889136,C5,60
-0.402520809,-0.182036639,0.383579458,-0.254842448,0.168280509,0.073273535,C3,61
-0.570784662,0.235261638,-0.239848372,-0.223366145,-0.092101962,-0.134283734,C1,62
-0.205445792,0.385571238,-0.366533166,-0.585381503,-0.389234301,-0.079213988,C1,63
-0.06474359,0.632550749,0.172516222,0.780772691,-0.344255391,-0.040953606,C3,64
0.41482661,0.742114596,-0.450197102,-0.777464342,-0.110129023,0.307848882,C1,65
0.72707437,-0.879593362,0.498352194,0.811213415,0.510768782,-0.639529789,C5,66
-0.797238788,-0.535607448,0.385785684,-0.531165405,-0.407952731,0.427007033,C2,67
0.298307452,0.59161295,0.74541513,-0.380666535,0.866327111,0.176482552,C4,68
0.758696126,-0.019181916,-0.866266473,-0.747383826,0.347544576,-0.014553245,C3,69
0.993399182,-0.987932679,-0.479883819,-0.81134258,-0.651480669,-0.981411515,C5,70
-0.405962921,0.657764525,-0.967855638,-0.219597686,0.419957871,-0.267028008,C1,71
0.666859838,0.268385161,-0.386897758,0.492333228,-0.448416971,0.178975285,C4,72
-0.421535344,-0.285069296,0.293643039,0.738678268,-0.761106013,0.120166784,C3,73
0.349228432,0.106912254,-0.079701575,0.001663734,0.467864661,0.037336799,C4,74
0.557146423,0.619936503,-0.125580286,-0.884202757,0.527745871,0.345395405,C2,75
0.488515203,0.88103309,0.173239301,-0.675560819,0.47875842,0.430398059,C2,76
0.971431049,-0.212134564,-0.061684564,0.811087322,0.301714501,-0.206074102,C5,77
-0.61002434,-0.749114893,0.934001242,-0.53416526,0.176451151,0.456978318,C4,78
-0.882990485,0.970641741,0.20041416,0.244391281,0.659814413,-0.857067421,C1,79
-0.411961251,-0.156999509,0.271349304,0.898504525,0.583357911,0.064677714,C4,80
-0.578525715,-0.228202532,0.594413374,-0.105415081,-0.42382939,0.132021033,C2,81
-0.849452507,-0.40954176,-0.879949629,0.775009407,-0.585505839,0.347886274,C1,82
-0.041476696,-0.610042477,-0.57911176,0.921097562,-0.438141046,0.025302547,C4,83
0.788703933,0.136789157,-0.940566888,-0.504804091,0.093742759,0.107886146,C3,84
0.948294727,-0.685127343,0.287745902,0.067717682,0.00254471,-0.649702647,C5,85
-0.157466566,0.987546836,-0.419960987,0.889951639,0.428157074,-0.155505609,C2,86
0.559493816,-0.353913197,0.049579889,0.038873628,0.461094575,-0.198012245,C5,87
0.141327949,-0.094021287,-0.47736046,0.39367866,0.84772659,-0.013287836,C4,88
-0.916228814,-0.982686924,-0.756425696,0.127585037,-0.630555059,0.900366075,C1,89
0.401865057,0.963976133,0.031848213,0.697880449,-0.942433086,0.387388324,C2,90
0.983117904,-0.889830821,-0.026207154,0.121136275,0.871464007,-0.874808611,C5,91
-0.698544205,0.091552192,0.917870619,-0.929797671,-0.233737128,-0.063953253,C1,92
0.946817775,-0.702715403,-0.282890736,0.839244615,0.693082842,-0.665343434,C5,93
-0.740662467,-0.915311228,-0.254917593,-0.727675413,-0.704540472,0.677936673,C1,94
0.819628299,0.547454302,-0.380289782,0.807696597,0.478390609,0.448709038,C4,95
-0.137095611,0.245949447,-0.528816153,0.667037426,-0.72771973,-0.03371859,C2,96
-0.560188494,0.19192837,0.337197478,0.147274938,-0.27600461,-0.107516064,C2,97
-0.640116813,0.767613674,-0.64408841,-0.687538371,0.261108159,-0.491362419,C1,98
0.225043993,0.426004098,0.522026148,-0.966702769,0.575895058,0.095869663,C3,99
0.514461101,0.1779681,0.524053403,-0.090426051,-0.067735866,0.091557665,C4,100
0.957977584,-0.083464147,0.643709032,0.627802871,-0.420882796,-0.079956782,C5,101
0.93969327,-0.906371255,-0.190762812,0.154132825,-0.725246503,-0.851710968,C5,102
-0.764265672,0.110283379,-0.550865617,0.19954633,-0.431042489,-0.084285801,C1,103
0.871178016,-0.499261623,-0.062467211,0.076241803,0.041823805,-0.43494575,C5,104
-0.320495476,-0.170316419,0.140920705,0.688878055,-0.382174345,0.054585642,C3,105
-0.733559116,-0.097851724,0.168091306,-0.190555067,-0.080290477,0.071780024,C2,106
0.415101214,0.305815729,-0.327290102,-0.048252658,-0.364048157,0.12694448,C3,107
-0.261674982,-0.924673138,-0.331419488,-0.278481359,0.628529774,0.241963827,C4,108
-0.700808275,0.649352357,-0.982827035,0.442540289,0.674371275,-0.455071505,C1,109
0.096486678,0.808557438,-0.369826326,-0.837497576,-0.872873753,0.078015021,C1,110
-0.484575935,0.662941245,0.13589286,0.258982665,0.513870565,-0.321245373,C2,111
-0.105015126,-0.082400169,0.364346286,-0.517302741,0.942011483,0.008653264,C4,112
-0.009109435,-0.705726377,-0.312594993,-0.212504898,0.241428171,0.006428768,C4,113
-0.833398214,-0.844114527,0.326836853,0.554305184,-0.450959313,0.703483539,C3,114
0.807953212,-0.703939615,0.868951583,0.549878081,-0.892094014,-0.568750273,C5,115
0.792591669,0.139060739,0.474785122,-0.97190027,0.726975506,0.110218383,C4,116
0.727628865,-0.069225294,-0.630132784,0.136953343,0.827243651,-0.050370322,C5,117
0.811490672,-0.481068574,0.889760522,0.423113168,0.561217241,-0.390382661,C5,118
0.664636012,-0.598609947,-0.932615085,-0.952834365,0.215335087,-0.397857728,C4,119
-0.364591376,0.297519237,0.915500213,0.817263249,0.728153782,-0.108472948,C4,120
0.333342633,0.43433108,-0.213785283,0.676016076,0.190224728,0.144781066,C4,121
0.200673151,0.560111266,-0.538911872,-0.232287647,-0.76133753,0.112399292,C1,122
0.529082968,0.0595447,-0.589519937,0.693664084,0.58481694,0.031504087,C4,123
0.429499374,-0.851888096,-0.351417753,0.5607417,0.681273887,-0.365885404,C5,124
-0.200783647,0.702011412,-0.502896282,-0.4054233,0.715322156,-0.140952412,C1,125
-0.062517893,-0.389516727,0.514129185,-0.72295493,0.884023315,0.024351765,C4,126
-0.389588255,0.308824199,0.421074588,0.143806988,-0.006669914,-0.120314281,C2,127
-0.289167062,0.319881537,0.612732851,-0.230816923,0.706781199,-0.092499204,C3,128
-0.830187072,0.39014178,-0.642314021,-0.16053575,0.928583221,-0.323890662,C1,129
-0.851034173,-0.044195462,-0.405560889,0.399436655,0.316807602,0.037611848,C2,130
0.416818371,0.381128865,0.9981197,-0.825810306,0.752307835,0.158861513,C4,131
-0.864993235,0.209343421,0.599605071,0.402445882,0.046674111,-0.181080643,C2,132
-0.971387565,0.269043555,0.012079541,0.549488119,-0.148192964,-0.261345563,C2,133
0.752300595,0.789369056,0.524179917,-0.266481073,-0.173638595,0.593842811,C3,134
-0.372526327,0.257453311,0.003014633,0.766452204,0.087015491,-0.095908137,C3,135
-0.217920163,-0.358243878,-0.59657462,-0.963431529,-0.544449179,0.078068564,C1,136
0.342723323,0.187800073,0.077283305,-0.079041675,0.721525892,0.064363465,C4,137
-0.413549737,-0.989500182,-0.090720025,0.01480836,-0.852214977,0.40920754,C3,138
-0.114056698,-0.91996387,-0.899072699,-0.07948669,-0.196947421,0.104928041,C3,139
0.659166657,0.40526012,-0.223898456,0.400512266,-0.541546053,0.267133959,C3,140
0.896036329,-0.635634089,0.607559033,0.424973958,-0.511115769,-0.569551236,C5,141
-0.275365663,-0.985795643,-0.527998189,-0.207034973,0.558735106,0.271454271,C4,142
-0.319167043,-0.027778128,0.830249182,-0.307585103,0.751788602,0.008865863,C4,143
0.627621931,-0.483060999,-0.152691876,-0.284279091,-0.623697389,-0.303179677,C4,144
-0.464451294,0.021268912,0.965450091,0.784302691,-0.017092477,-0.009878374,C4,145
-0.014725721,0.005566568,-0.291604159,0.381037188,0.185115837,-8.20E-05,C3,146
0.400021908,-0.945365763,0.164287083,-0.133996869,0.860262689,-0.378167017,C5,147
-0.28993117,-0.65661572,-0.859863177,-0.955190697,0.132344774,0.190373364,C2,148
0.974807753,0.380947668,0.829348296,-0.198496727,0.019979794,0.371350741,C4,149
-0.989171707,-0.614887302,0.359618331,-0.255223,-0.712517735,0.608229121,C1,150
0.687538943,0.664754143,-0.202407345,0.530154042,-0.698505504,0.45704436,C3,151
-0.682491731,0.41524496,-0.095297022,0.496288395,0.146013755,-0.283401251,C2,152
-0.16487185,0.114215039,0.288776442,-0.000559649,0.831092369,-0.018830845,C4,153
-0.071249481,0.022598285,-0.527404951,-0.307383974,-0.861083242,-0.001610116,C1,154
0.495280673,0.810798686,-0.738580772,-0.625157443,0.905791901,0.401572919,C2,155
-0.495557415,0.235073676,-0.759771179,0.115236352,0.294618372,-0.116492503,C1,156
0.312276974,-0.636509674,-0.385994606,-0.01649383,-0.364818679,-0.198767315,C4,157
0.290999892,0.854035808,0.332243441,-0.767657275,0.839795735,0.248524328,C2,158
0.502509074,0.628039726,0.475996305,-0.175136446,-0.67835234,0.315595661,C2,159
-0.470594904,0.891283153,0.516865605,0.884797254,-0.486052369,-0.419433309,C2,160
0.70276454,-0.642980204,0.701191344,-0.402369262,0.524152769,-0.451863687,C5,161
0.724566323,-0.430367779,-0.145746446,0.789676966,0.308285382,-0.31183,C5,162
-0.298659172,-0.624730609,-0.219059953,0.187033003,-0.53697039,0.186581527,C3,163
-0.168633341,0.045803886,0.089554001,0.157347655,0.457816794,-0.007724062,C3,164
-0.88743122,0.155682028,-0.352942331,0.525912785,-0.705973931,-0.138157092,C1,165
0.479699952,-0.874467856,0.39470276,-0.906352357,-0.513123156,-0.419482189,C5,166
0.477626856,0.565148952,-0.877798372,0.935613485,-0.937858692,0.269930317,C2,167
-0.652797455,0.947596591,-0.288669516,0.661423337,0.677398501,-0.618588643,C2,168
0.236851122,-0.384268255,-0.838309064,-0.365728421,0.26094335,-0.091014367,C3,169
0.453968785,0.483836717,-0.123200887,0.075507647,-0.674401504,0.219646766,C2,170
0.627215607,-0.629018802,0.536519532,-0.166075338,-0.566908221,-0.39453041,C5,171
0.521837368,0.712303973,0.845567271,0.609818956,-0.901504119,0.37170683,C3,172
0.684505007,-0.556365848,-0.000430197,-0.034912408,0.375154429,-0.380835209,C5,173
0.332184603,0.579741655,0.989199757,-0.606755231,-0.324069709,0.192581251,C3,174
0.922149421,0.872618579,-0.765403745,-0.032289873,0.776219434,0.804684717,C2,175
-0.970216097,0.762170897,-0.555529017,0.30755963,0.590759775,-0.739470473,C1,176
-0.176574112,-0.283710974,-0.238945183,-0.220426888,-0.90997253,0.050096013,C2,177
-0.1985418,0.131290716,-0.479476384,0.002171969,-0.235732668,-0.026066695,C2,178
0.79626466,-0.657974602,0.233382321,-0.988934759,-0.847393175,-0.523921922,C5,179
-0.183808952,-0.521992954,0.390888705,0.311231095,0.639242977,0.095946978,C5,180
0.127525662,-0.380128306,-0.104695207,-0.952014799,-0.825423099,-0.048476114,C2,181
-0.653269006,0.437954123,0.906499653,0.527126534,-0.664005333,-0.286101855,C2,182
0.082796918,-0.181984447,-0.354304551,0.415665685,0.930168794,-0.015067751,C4,183
-0.54224452,0.865854853,-0.088426608,0.182026836,-0.702923136,-0.469505049,C1,184
0.109360189,0.466897487,-0.626223956,0.147175381,0.441891754,0.051059997,C2,185
0.398008751,-0.969419186,0.540609342,-0.565027705,-0.352839664,-0.38583732,C5,186
0.447790685,0.404481355,0.91792848,0.042652305,0.953413472,0.181122983,C5,187
-0.967246196,0.463322251,-0.48917068,0.633809799,0.048069098,-0.448146685,C1,188
0.12698481,0.618381701,0.343354052,-0.40347887,-0.205494279,0.078525083,C2,189
-0.722745841,0.112412465,0.052693615,0.153310569,-0.708569196,-0.081245642,C1,190
0.80689576,-0.269207229,-0.267708729,-0.961418287,0.160098752,-0.217222172,C4,191
0.048744069,0.131609978,0.785225918,-0.623358292,-0.446884488,0.006415206,C3,192
-0.426044741,0.965461625,0.235379793,-0.333972186,-0.822869338,-0.411329848,C1,193
-0.618573143,0.584565026,0.953646127,0.551190661,-0.573181647,-0.361596225,C2,194
-0.006102122,-0.538674996,0.899488573,-0.051367362,-0.85084388,0.00328706,C4,195
0.149965605,0.012723429,-0.733907205,0.983488042,0.623707995,0.001908077,C4,196
-0.0517907,0.265133528,-0.725698637,0.703259028,-0.36779262,-0.013731451,C2,197
-0.076317829,-0.616321602,0.537671446,-0.719608004,0.792812027,0.047036326,C4,198
-0.530955395,-0.262462884,-0.339436967,-0.535974779,-0.579099967,0.139356084,C1,199
-0.620034124,-0.281618441,-0.539640351,-0.431209415,0.921214321,0.174613044,C2,200
-0.607012489,-0.161992571,0.37274866,-0.528228672,0.082928105,0.098331514,C2,201
0.701136742,0.924962003,0.894504496,-0.341700721,0.384980201,0.648524845,C3,202
0.493017541,-0.185397039,-0.310956829,-0.433655186,0.106891774,-0.091403992,C4,203
0.202857937,-0.003250523,0.572614229,-0.288598593,-0.38447661,-0.000659394,C4,204
-0.322955306,0.133234943,0.513591039,0.869611708,0.004996681,-0.043028932,C4,205
-0.817519862,0.162502981,0.470152559,-0.063515299,0.645329275,-0.132849415,C2,206
-0.799038231,-0.091560514,-0.820766516,0.642793901,-0.929369444,0.073160351,C1,207
-0.664519909,0.505090948,-0.391892007,-0.275558066,-0.0295497,-0.335642991,C1,208
0.569340679,-0.524096643,-0.284719983,0.972152273,0.730230784,-0.298389538,C5,209
0.912584818,-0.88581358,-0.192128971,-0.983110326,0.651893409,-0.808380025,C5,210
0.105557901,-0.584266892,0.09597021,0.786222335,0.008945611,-0.061673987,C5,211
-0.405234705,0.733349485,-0.301506117,-0.059918834,0.547452083,-0.297178662,C1,212
0.418302457,0.712049954,-0.580971304,0.894140425,-0.606146477,0.297852246,C2,213
0.880781227,-0.326771891,0.90148248,0.550965692,0.087848138,-0.287814547,C5,214
0.800679325,-0.95395119,0.824125809,-0.684571572,0.125441918,-0.763808994,C5,215
-0.363429169,-0.713638773,-0.090825221,-0.593517371,-0.024475955,0.259357146,C3,216
-0.34314148,-0.698874275,0.508860985,0.218273871,-0.796214257,0.239812753,C4,217
0.177381836,0.585509783,0.560340517,0.756874666,-0.53695501,0.1038588,C3,218
0.667202773,0.316871003,-0.390183675,0.405658516,-0.603214127,0.211417212,C3,219
0.082250478,-0.876803514,0.72278998,-0.244418463,-0.075121121,-0.072117508,C5,220
0.179681389,0.067952055,0.355348311,0.12136041,-0.785201317,0.01220972,C3,221
-0.279764741,0.030250189,-0.995638344,0.533152945,-0.06687375,-0.008462936,C2,222
0.601516503,0.510159996,0.932597714,0.601539382,-0.282894503,0.306869657,C4,223
0.139792095,0.375855944,0.350748651,-0.740894031,-0.479506121,0.05254169,C2,224
-0.032610471,0.511977783,0.16392866,-0.474737479,-0.606612817,-0.016695836,C1,225
0.328775829,0.847912873,0.000666633,-0.07871236,0.30771442,0.278773258,C2,226
0.069139264,0.207313672,-0.234858201,0.381855089,0.832850354,0.014333515,C4,227
0.13951385,-0.402178859,-0.771333668,-0.692810857,-0.492638438,-0.056109521,C2,228
-0.585576535,0.700885914,-0.158746832,-0.485672761,-0.348524696,-0.410422345,C1,229
0.685230714,-0.151647987,0.22539342,-0.682751474,0.070751587,-0.103913859,C4,230
-0.488734985,-0.819522592,0.352508512,-0.856716151,-0.214923028,0.400529361,C3,231
0.951765585,-0.903059824,-0.981669584,-0.354505318,0.684185331,-0.859501262,C5,232
0.673455975,-0.058059678,0.201933631,-0.218501786,0.034583044,-0.039100637,C4,233
-0.212619019,-0.791397403,-0.053703746,-0.496251024,-0.659345125,0.168266139,C3,234
0.668252598,0.540140138,0.434845188,0.026236966,0.541509622,0.360950051,C4,235
0.033248848,0.65610455,0.46210825,-0.889510607,-0.591980738,0.02181472,C1,236
0.893444117,0.271672907,-0.673997452,0.882340773,0.452700112,0.24272456,C5,237
0.061001619,-0.278194508,0.473387019,0.979205963,0.760334984,-0.016970315,C5,238
-0.414526648,0.919792531,0.417866116,-0.871290867,0.566392153,-0.381278515,C1,239
0.720918068,-0.536579096,0.503605633,0.548128794,-0.720442353,-0.386829566,C5,240
0.033394477,0.920976397,0.8187824,0.026000583,0.334585435,0.030755525,C3,241
-0.098509553,-0.654751351,-0.734749102,-0.520277948,0.309376821,0.064499263,C3,242
0.240080412,0.334080686,0.633404786,-0.478647795,-0.028161959,0.080206229,C3,243
-0.081066311,-0.344888243,-0.435076768,-0.686123057,-0.249158905,0.027958818,C2,244
0.077716911,-0.533061288,-0.785141081,-0.075507314,-0.409010784,-0.041427877,C3,245
-0.330129803,0.471769916,-0.302349427,0.97340422,0.432600224,-0.15574531,C3,246
0.943843592,-0.887723393,-0.218678319,-0.95063124,0.267540351,-0.837872036,C5,247
-0.727948832,0.405385648,-0.033260887,-0.698717026,-0.322589783,-0.295100009,C1,248
0.162377504,0.726564455,-0.325959203,-0.937020398,0.313992721,0.117977723,C1,249
0.473507306,-0.485792666,0.707435353,-0.325098112,-0.906494452,-0.230026377,C5,250
0.578050712,0.235962657,0.695254425,-0.715885241,0.526914983,0.136398382,C4,251
-0.117441109,-0.197470923,-0.591531402,0.469321535,0.704880634,0.023191204,C4,252
0.311565048,0.151215444,0.714564335,-0.928549958,0.090845526,0.047113447,C3,253
0.981105,-0.358431418,0.243498107,0.628103951,0.220313991,-0.351658856,C5,254
-0.441552946,0.159628142,-0.75335719,-0.61892441,0.75887269,-0.070484276,C1,255
-0.112093644,-0.26660779,-0.17150767,-0.208379669,0.008925485,0.029885039,C3,256
0.372714946,-0.528449251,-0.500852984,0.865908364,-0.040512086,-0.196960934,C5,257
-0.099693313,0.379913528,0.431991673,0.04709579,-0.293169386,-0.037874838,C3,258
-0.647709627,0.791234972,-0.884259513,0.726431682,0.072761505,-0.512490509,C1,259
-0.563384905,-0.42091737,-0.186481244,-0.964559146,0.624689656,0.237138493,C2,260
-0.573433471,0.799170851,-0.049480226,0.146509164,0.223959089,-0.458271314,C1,261
-0.086067338,0.606233738,-0.841966144,-0.351440527,0.825936422,-0.052176924,C1,262
0.869342093,0.162894922,-0.354992344,0.811231109,-0.118037292,0.141611412,C5,263
-0.80233099,-0.098362864,0.556924956,0.578944165,0.431872824,0.078919574,C3,264
-0.38823063,0.199422053,-0.214957777,-0.323482392,0.359916266,-0.077421749,C2,265
-0.955924003,0.365310485,0.602397839,0.661068895,0.267827103,-0.349209061,C2,266
0.797130414,0.945798979,0.976926496,-0.285242809,0.716414813,0.753925132,C3,267
0.909493877,-0.632610036,-0.876576868,-0.973536394,-0.983281132,-0.575354954,C4,268
0.152372273,0.895940082,-0.061753894,0.041441304,-0.268107085,0.136516426,C1,269
-0.89834424,-0.536699537,0.295654817,0.162516793,0.540627883,0.482140937,C3,270
-0.232346905,-0.831329288,0.461065086,0.629779977,0.302644145,0.193156787,C5,271
0.627878555,-0.610753175,0.317929794,0.612469445,0.30817211,-0.383478821,C5,272
-0.988877831,-0.366991714,-0.16503151,-0.643441546,-0.79614226,0.36290997,C1,273
-0.275344699,-0.609898606,-0.092316559,-0.72096839,-0.365646001,0.167932348,C2,274
0.389928703,-0.153916157,0.211295297,-0.019826556,-0.160534863,-0.060016328,C4,275
0.226411497,-0.892411786,0.975926861,0.64233466,-0.12156203,-0.202052288,C5,276
-0.077020806,0.73872385,0.608947815,-0.825566467,0.9828054,-0.056897106,C2,277
-0.692992582,-0.666348007,-0.068156979,0.755207743,0.764246676,0.461774226,C4,278
0.127710188,0.317006243,0.33114885,-0.43965196,0.136694127,0.040484927,C3,279
0.471291864,0.127668454,0.672337173,0.094575121,0.921619466,0.060169104,C5,280
-0.719759738,0.348209381,0.298114971,0.015114028,0.252647142,-0.250627093,C2,281
0.685656832,0.686926662,0.325109928,-0.56453482,0.705257907,0.470995959,C3,282
-0.84020181,0.898851474,0.209748989,-0.077663892,-0.645525029,-0.755216635,C1,283
0.185086797,0.036907028,0.481164275,0.057322976,0.795076349,0.006831004,C4,284
0.712256609,0.148945759,0.640785967,-0.96097471,0.15956321,0.106087601,C4,285
0.242017142,0.526801779,-0.758730636,-0.562857661,-0.893275275,0.127495061,C1,286
0.206592613,0.392884823,0.094214793,-0.305247605,-0.086386159,0.081167102,C2,287
-0.921214534,-0.97388429,0.381628086,0.959627906,0.163255947,0.897156362,C4,288
-0.460834527,0.946189824,0.71895667,-0.268084481,-0.22612084,-0.43603694,C1,289
-0.448297697,-0.901655883,-0.705755139,-0.572577241,-0.950269239,0.404210256,C2,290
0.804366672,-0.178178837,0.483374888,-0.172949333,-0.262920655,-0.143321118,C5,291
-0.031541776,0.997587167,0.219597664,-0.366363346,0.369334535,-0.031465671,C1,292
-0.507910495,-0.380439992,-0.820523948,0.325569357,0.397982486,0.193229465,C3,293
0.489284814,0.711582963,0.389320465,0.728709649,-0.149934371,0.348166738,C4,294
0.657486799,0.879770033,-0.130043634,-0.327419529,0.579295788,0.578437183,C2,295
-0.488520118,0.106896851,-0.518689585,-0.503717825,0.30227974,-0.052221262,C1,296
0.88584663,-0.23315374,0.989506438,-0.307269807,0.403780731,-0.206538455,C5,297
0.228908841,0.275412114,-0.2706979,0.655102432,0.110994725,0.063044268,C4,298
0.176038209,-0.023192898,-0.746494859,0.311727907,0.281117457,-0.004082836,C3,299
-0.157890034,0.631203748,-0.061146596,0.490598658,-0.380454513,-0.099660781,C2,300
-0.322195417,0.925669878,-0.973766984,-0.228477984,-0.708323354,-0.298246592,C1,301
-0.991966422,-0.292946236,0.477001598,-0.164878456,0.467868428,0.290592829,C2,302
0.65751134,0.058778374,0.261140421,0.886688262,0.365778004,0.038647448,C5,303
0.378926528,0.872860573,-0.692111277,-0.373458255,-0.9939458,0.330750027,C1,304
-0.868519101,0.432727479,0.794170535,-0.517509843,0.680094758,-0.375832081,C2,305
-0.102665888,-0.138846058,0.125438317,-0.248382962,-0.994810277,0.014254754,C2,306
0.057418502,0.460860733,0.507274592,-0.478390217,0.465733945,0.026461933,C3,307
0.155539018,-0.806761108,0.815294489,0.1545738,-0.374417308,-0.125482831,C5,308
0.314987822,0.777597599,-0.977444782,-0.501984574,0.724523057,0.244933774,C1,309
-0.129059294,-0.743040303,-0.27370044,-0.885343379,-0.0694058,0.095896257,C3,310
-0.12542213,0.490199667,-0.030446529,-0.935422456,0.040552205,-0.061481887,C1,311
-0.104036678,-0.5056307,-0.902991171,0.266774721,-0.741687259,0.052604138,C3,312
0.091502501,-0.59714535,0.748758179,0.947171542,0.505025352,-0.054640293,C5,313
-0.683547286,-0.74727727,0.571494864,0.079847099,0.861662794,0.51079935,C4,314
0.447905904,-0.034807477,0.203895055,-0.851715133,-0.132747326,-0.015590475,C3,315
-0.441664501,-0.596108115,-0.903335459,-0.187706885,0.493173972,0.263279793,C2,316
0.272262384,-0.219121973,0.704395126,0.009193223,0.416696718,-0.059658671,C5,317
0.63701484,-0.218222714,0.059387575,0.342298732,0.177383939,-0.139011107,C5,318
0.499123,-0.960903819,-0.335712816,-0.615168145,0.208777284,-0.479609197,C5,319
0.621126734,0.122279062,0.363945114,0.522267241,-0.59429149,0.075950795,C4,320
-0.992018852,-0.358463134,-0.52819004,0.259638981,-0.069776065,0.355602187,C1,321
0.792977396,0.49375589,-0.060219279,-0.572576547,-0.697932957,0.39153726,C2,322
0.652672859,0.295311742,-0.029073249,0.122014984,-0.083724684,0.192741959,C4,323
0.985110731,-0.898077485,0.152369407,0.375648319,0.680790451,-0.884705768,C5,324
-0.315730291,0.312958332,-0.332672503,0.292990819,-0.117392506,-0.098810425,C2,325
-0.156454352,0.983045805,0.535904752,-0.995484488,-0.381440159,-0.153801794,C1,326
0.802692698,0.561508973,0.380397165,0.895752485,0.6727273,0.450719152,C5,327
0.573141952,0.741371219,0.397104612,-0.632494105,0.598919689,0.424910947,C3,328
-0.994325659,-0.285601621,-0.118795621,0.926861571,0.613299168,0.28398102,C3,329
0.276239905,0.624289065,0.067358011,-0.095502605,0.079026774,0.172453552,C2,330
0.368207185,-0.451631624,0.061574602,-0.230170689,-0.323240597,-0.166294009,C4,331
0.160300627,0.329234569,0.212339171,0.802941866,-0.637510771,0.052776508,C3,332
-0.8486199,-0.074259523,0.524922948,0.934275134,-0.045288683,0.063018109,C3,333
-0.153052968,0.262910227,-0.901149244,-0.3162613,0.657809909,-0.040239191,C2,334
0.06961412,-0.357797254,-0.540023808,-0.21359963,-0.397724742,-0.024907741,C3,335
-0.220573228,0.325382184,0.746134293,0.217750784,0.189319788,-0.071770599,C3,336
0.483412089,-0.398132034,0.559045815,-0.059336897,-0.10202257,-0.192461838,C5,337
0.446365883,0.931884287,0.520460211,-0.056490246,-0.362763445,0.415961353,C2,338
-0.0930367,-0.877494452,0.221084719,0.859107623,0.514442899,0.081639188,C5,339
0.874043323,0.009029088,-0.988494734,-0.55234231,-0.944039073,0.007891814,C2,340
0.097004763,-0.392230393,-0.592881471,0.307769426,0.262747005,-0.038048216,C4,341
0.024096671,0.03780788,-0.230337306,0.968463034,-0.523605936,0.000911044,C4,342
-0.832608804,-0.688889153,-0.294613214,-0.38595907,-0.551890726,0.573575174,C1,343
-0.33170553,0.806439419,-0.735870168,-0.838929151,0.464070639,-0.267500415,C1,344
0.574930033,0.205832899,0.149306994,-0.828604434,-0.937013265,0.118339515,C2,345
-0.935360776,-0.495169869,0.80018094,0.696774845,-0.645191826,0.463162473,C3,346
-0.887089079,0.914434536,-0.122840791,0.063550134,-0.934825573,-0.811184891,C1,347
-0.732195365,-0.551680626,0.664231924,-0.183798613,0.763724956,0.403937997,C4,348
-0.653073395,-0.322007074,0.944395891,0.241425689,-0.97842738,0.210294253,C3,349
-0.895401736,-0.371866227,0.627964942,-0.655361122,-0.90000491,0.332969665,C1,350
-0.757466802,0.581940838,-0.394827479,-0.529338234,-0.205821594,-0.440800865,C1,351
0.443719321,0.609961706,-0.077392917,-0.438238114,-0.029935877,0.270651794,C2,352
-0.012152937,-0.495413824,-0.348278056,0.510081285,0.305115136,0.006020733,C4,353
-0.11435644,0.880234378,0.20732101,-0.389927204,-0.22532204,-0.10066047,C1,354
-0.727744552,0.368961039,-0.254128859,-0.546528839,-0.538548068,-0.268509386,C1,355
0.650422219,-0.491041396,-0.867466225,0.35300771,0.576808789,-0.319384235,C5,356
-0.69232709,0.848558049,0.013703794,0.720788293,-0.307629129,-0.587479725,C1,357
0.153003133,0.165219634,0.242460037,0.008165088,-0.609132765,0.025279122,C3,358
0.17723539,0.944843707,-0.376244355,-0.386618402,0.48620717,0.167459743,C1,359
-0.901852732,0.152633024,-0.460754326,0.402348588,-0.845409728,-0.137652509,C1,360
0.678085363,-0.484537343,-0.483766786,0.872713891,-0.629848516,-0.32855768,C5,361
0.369839925,0.316974995,0.310973798,-0.385639764,-0.426294843,0.117230008,C3,362
0.215949733,-0.6182437,-0.444000424,0.267981545,-0.178228942,-0.133509562,C4,363
0.346337395,-0.722295004,0.467913138,0.268427286,-0.870610427,-0.25015777,C5,364
0.159693457,0.68483784,-0.121285332,0.744776209,0.01152607,0.109364122,C3,365
-0.876653206,-0.551026755,0.948076003,0.922375826,-0.063423527,0.483059372,C4,366
0.652243382,-0.790666718,-0.763863456,-0.985654342,0.211289541,-0.515707134,C5,367
0.318962666,0.165768344,0.229812067,-0.223765416,0.263639898,0.052873913,C4,368
-0.702185358,-0.054482069,-0.158371865,-0.362923552,-0.791732416,0.038256511,C1,369
-0.386901901,-0.798740356,-0.586683841,0.789886912,0.415268366,0.309034162,C4,370
0.530628699,0.493967661,-0.250737833,-0.839742849,-0.818260426,0.262113418,C1,371
0.158143512,0.751865204,-0.624449529,-0.703586641,-0.112557649,0.118902604,C1,372
-0.819272423,0.517912542,-0.743142515,0.386135375,0.446007161,-0.424311463,C1,373
-0.246131383,0.172580604,0.168717908,0.066917127,-0.157026298,-0.042477503,C2,374
-0.279990831,-0.934932537,-0.938074051,-0.132552012,-0.500525718,0.261772538,C3,375
-0.985792384,0.641142865,-0.326174824,-0.56481393,0.012266111,-0.632033754,C1,376
-0.716152133,0.681175763,-0.662397808,0.373930406,-0.430441023,-0.487825476,C1,377
-0.411244262,0.018763052,-0.15712625,-0.711077895,0.234316572,-0.007716197,C2,378
0.994325859,-0.152837092,0.101237444,0.601125382,0.411042001,-0.151969872,C5,379
-0.356766082,0.681699827,-0.325819551,0.080965739,-0.342919855,-0.243207376,C1,380
-0.057946475,0.82630552,0.331766164,-0.380770656,0.393457056,-0.047881492,C2,381
-0.470686402,-0.158777761,0.710521059,0.563960467,0.331046103,0.074734533,C4,382
-0.71089673,-0.611508872,0.944837143,-0.199801052,-0.574445466,0.434719658,C3,383
0.249722356,0.26920823,0.535058954,-0.278422623,-0.830645415,0.067227314,C3,384
0.397055341,0.068294247,-0.888455979,-0.025562353,-0.103089851,0.027116596,C3,385
-0.650499272,0.229073266,-0.730015811,-0.024848655,-0.191040702,-0.149011993,C1,386
-0.02080632,0.588416585,0.755641082,-0.872029033,-0.347937435,-0.012242784,C2,387
0.930563302,0.005287039,-0.782972754,0.448265859,-0.644011223,0.004919924,C4,388
-0.958262504,0.341523918,-0.600612443,-0.504208948,-0.909419443,-0.327269565,C1,389
-0.076043292,0.593987027,0.733541066,-0.735852569,-0.895144216,-0.045168729,C1,390
0.174990721,-0.136780965,0.941275008,-0.491749476,0.914332867,-0.0239354,C5,391
0.510967482,-0.562207536,0.015414207,-0.835704769,0.439336111,-0.287269769,C5,392
-0.9365874,-0.732569971,0.491987323,0.443873963,0.226411344,0.686115805,C3,393
0.074797489,0.77698797,0.762572278,-0.022393126,-0.107275321,0.058116749,C2,394
-0.081592386,-0.333071373,0.2402545,0.990319709,-0.481351598,0.027176088,C4,395
0.785750524,-0.597160564,0.316724583,0.022552627,-0.132020237,-0.469219226,C5,396
0.884577855,-0.055793933,-0.771281683,0.362337634,-0.658760238,-0.049354077,C4,397
0.088350091,0.019997172,-0.575958445,0.531607972,-0.500497492,0.001766752,C3,398
0.692254983,0.612678198,-0.791705185,-0.097330377,-0.315580146,0.424129535,C2,399
-0.616078713,0.521465188,-0.340606124,0.686171653,0.590213381,-0.321263602,C2,400
-0.752560145,-0.524714648,0.221963461,0.595071268,-0.649302753,0.394879332,C3,401
-0.960561456,0.763944006,-0.139797369,-0.835062484,-0.248099071,-0.733815167,C1,402
-0.527056699,-0.468775756,0.669098675,-0.024514507,-0.33264958,0.247071402,C3,403
0.296319174,0.693664985,-0.772496234,-0.040955456,-0.499611266,0.205546235,C1,404
-0.735313913,-0.939136703,0.639109376,0.992203327,0.150367375,0.690560284,C5,405
0.102461551,-0.651476058,-0.015653924,-0.239304109,-0.375337826,-0.066751247,C4,406
-0.693470956,0.230267589,0.966612273,0.226550956,-0.827943511,-0.159683885,C2,407
0.712541437,-0.533136551,0.648515362,0.351780935,-0.383305094,-0.379881885,C5,408
-0.506129712,-0.284734792,-0.454602833,0.42638502,0.591489499,0.144112738,C3,409
0.279858323,-0.972421235,0.709901954,0.079947915,0.177738968,-0.272140176,C5,410
0.737472983,-0.105629298,-0.53283718,-0.267253861,0.973267355,-0.077898754,C5,411
0.141615483,-0.202702938,-0.975250855,0.904176147,-0.126579024,-0.028705874,C4,412
-0.787560572,-0.230472693,0.161403841,0.400702411,0.904115028,0.181511206,C3,413
-0.965194822,-0.462479452,-0.464831985,0.157079869,-0.280789047,0.446382773,C1,414
0.642267501,0.866307723,-0.279820653,0.702139151,0.112091224,0.556401297,C3,415
-0.414139149,0.30610466,0.70114894,-0.505828689,-0.410521978,-0.126769924,C2,416
-0.012370516,0.746124529,0.14193324,-0.60016997,0.821541298,-0.009229946,C2,417
0.731160022,-0.645891405,-0.327177298,-0.302889954,0.639651753,-0.472249973,C5,418
-0.33237257,0.732857995,-0.682424599,-0.000800248,0.917510757,-0.243581896,C1,419
-0.121794292,-0.144442439,0.567281331,-0.578433171,0.764733143,0.017592265,C4,420
-0.459325217,0.036490092,0.903139811,0.72838541,0.097028155,-0.016760819,C4,421
-0.101580552,-0.974178142,0.580801187,0.788686393,-0.703454668,0.098957553,C5,422
-0.456359471,-0.21621466,-0.652819825,0.801993424,-0.31436043,0.098671608,C3,423
-0.085902097,-0.40759675,-0.853390673,-0.535978423,-0.959970942,0.035013415,C2,424
0.46699046,-0.770583207,0.801816013,-0.618036223,0.947780472,-0.359855006,C5,425
-0.820666246,-0.249860269,0.004329514,0.913227789,0.626014347,0.205051889,C3,426
0.88583448,-0.964060274,0.896674385,0.996384775,-0.508978708,-0.853997832,C5,427
-0.257578825,0.350991764,0.630668138,0.141418117,-0.49431864,-0.090408046,C2,428
0.256296386,-0.322278886,-0.768866166,0.694995508,-0.872356346,-0.082598914,C4,429
0.784193535,0.725780577,0.515567487,0.2789944,-0.00247278,0.569152436,C4,430
-0.367584614,0.732297982,-0.490108398,0.515109903,0.783408572,-0.269181471,C2,431
-0.066876998,-0.856509698,0.326579237,0.132057352,-0.73345136,0.057280798,C4,432
-0.752440996,-0.872447263,0.237948919,-0.163138941,-0.685869362,0.656465088,C2,433
-0.021698911,-0.532112197,0.403527883,0.51720678,0.151244935,0.011546255,C5,434
0.006664191,-0.064996616,0.550529418,0.438183143,0.824064194,-0.00043315,C5,435
-0.686862886,0.889160286,-0.197253932,0.778441972,0.660900083,-0.610731201,C2,436
-0.654910173,-0.20475235,0.102748735,-0.94467966,-0.724862897,0.134094397,C1,437
-0.916234452,-0.221820548,-0.867913804,-0.457344348,0.824891117,0.203239628,C1,438
-0.558250004,-0.53807896,-0.95429269,0.750133506,0.790465067,0.300382582,C3,439
0.764935153,0.702124598,0.62166308,-0.007142509,-0.801307712,0.537079787,C3,440
0.450097272,0.320991367,-0.161011832,0.806935763,-0.196550456,0.144477339,C4,441
0.894919454,0.237024449,-0.607621551,0.703523426,-0.942761732,0.21211779,C4,442
-0.713060235,0.137722258,-0.219756964,-0.849275541,0.024128954,-0.098204265,C1,443
0.252157862,-0.035417352,0.118815366,-0.054550287,0.716032589,-0.008930764,C4,444
0.481375543,-0.877549233,0.487413123,-0.998318302,-0.819511235,-0.422430738,C5,445
0.458615888,-0.253099785,-0.591895839,-0.472104416,0.74136177,-0.116075583,C4,446
0.028996112,-0.126441347,-0.240722445,-0.517491612,0.985888146,-0.003666307,C4,447
0.340987724,-0.901141733,-0.487152371,0.980596679,-0.169670814,-0.307278269,C5,448
0.993371562,0.295222536,-0.711091034,-0.015724791,0.649151729,0.293265672,C4,449
0.087120136,-0.606229782,0.478116681,0.313001067,0.996949538,-0.052814821,C5,450
0.523095664,0.459033245,-0.457342749,0.805654616,-0.052604829,0.2401183,C3,451
-0.809403683,-0.199996798,0.873390758,0.774809004,0.895821819,0.161878145,C4,452
-0.512863424,0.685157007,-0.912011336,0.215356915,0.354340042,-0.351391969,C1,453
0.673692762,-0.687887217,0.953669949,0.542278498,-0.89819944,-0.463424639,C5,454
0.932193815,-0.893067972,-0.1740959,-0.731194323,-0.944906646,-0.83251244,C5,455
-0.501005968,-0.752057121,0.182548778,-0.067326388,-0.57469385,0.376785106,C3,456
-0.244997318,0.115407556,0.836820895,-0.966994552,0.188011827,-0.028274542,C2,457
0.592505095,0.822077406,-0.773609555,0.360913107,0.125083159,0.487085051,C2,458
0.467862109,0.813979428,0.139157308,-0.744689454,0.090100097,0.380830132,C2,459
-0.406376183,0.444474364,-0.084370478,-0.880778542,0.400609225,-0.180623796,C1,460
-0.261929058,0.282005383,0.009978712,-0.982641418,-0.110072572,-0.073865404,C1,461
-0.677779167,0.286222053,-0.402368584,0.090029005,-0.907332741,-0.193995345,C1,462
-0.538650275,-0.944303634,0.455881773,0.242904138,0.71170467,0.508649412,C5,463
-0.930602338,0.278182416,-0.391715545,-0.876175738,0.382263662,-0.258877207,C1,464
-0.723844631,-0.084905978,0.387422223,-0.279383412,0.089413016,0.061458736,C2,465
0.789814213,-0.6186876,-0.555745115,0.302890103,-0.448967828,-0.48864826,C5,466
0.373755417,0.502727366,-0.411053179,0.315987402,-0.427783141,0.187897077,C2,467
0.301840033,0.548568912,0.114570918,0.177017908,0.840852994,0.165580058,C4,468
0.458752915,0.024400716,-0.677775883,-0.262023661,0.467328092,0.0111939,C3,469
0.455317676,0.382609963,0.994276391,-0.939277407,0.134361389,0.174209079,C3,470
0.866930641,-0.392060055,0.045456567,0.735692381,-0.457710737,-0.339888874,C5,471
-0.148867593,-0.063055467,0.196739635,-0.990539226,-0.396836679,0.009386916,C2,472
-0.597953056,-0.208060412,-0.917945344,0.87810385,-0.486006904,0.124410359,C2,473
0.580615926,0.174059693,0.035763098,-0.562461588,0.599740394,0.10106183,C4,474
-0.291196206,-0.634918098,0.941004914,-0.625177063,0.957117211,0.184885741,C5,475
0.086393735,-0.628696813,0.948360704,-0.261298068,-0.580536931,-0.054315466,C5,476
0.785213998,0.549463805,0.132823987,0.869199258,-0.927785018,0.431446671,C4,477
0.630909695,-0.046352401,0.264838298,0.20589103,0.632777332,-0.029244179,C5,478
0.888703464,0.052309433,0.907352477,-0.768864521,-0.936074289,0.046487574,C4,479
-0.02959309,0.397828407,0.055128668,0.67208533,0.000906953,-0.011772972,C3,480
0.5848546,0.028571351,-0.563825683,0.698326696,-0.274791285,0.016710086,C4,481
0.381383387,-0.522753524,0.058708329,0.769165787,0.157080426,-0.19936951,C5,482
0.077932367,0.20148769,-0.991454584,0.434668062,0.322191463,0.015702413,C3,483
-0.118378304,-0.510715515,0.044612089,0.464705505,0.634951737,0.060457637,C5,484
0.646169193,-0.416513096,0.088863656,0.468249205,-0.764288498,-0.269137931,C5,485
0.546642152,0.220709006,0.173432652,0.888894013,-0.361010993,0.120648846,C4,486
-0.39178372,-0.550973179,0.526896146,0.400766699,-0.737915023,0.215862322,C4,487
-0.063698594,0.905587807,0.29355204,0.340738558,0.291342324,-0.05768467,C2,488
0.34834292,-0.986510508,-0.684831367,0.200077701,0.821689779,-0.343643951,C5,489
0.950850068,-0.945592212,-0.134965912,0.509663994,0.539317835,-0.899116419,C5,490
0.111580645,-0.872496835,-0.363010933,-0.139123332,-0.347562044,-0.09735376,C4,491
0.068974832,-0.178683403,0.652207644,0.544473968,-0.508486937,-0.012324658,C4,492
0.600079167,0.751291607,-0.676996033,-0.901458463,0.549771087,0.450834441,C1,493
-0.892106667,-0.38102617,0.599524881,0.957855325,0.162454615,0.339915986,C4,494
0.709064726,0.194095381,-0.933346653,0.98818285,0.540475525,0.137626188,C4,495
0.879203713,0.70094056,0.992515899,-0.816661099,0.795219527,0.616269543,C4,496
-0.243308999,-0.936347516,-0.673232426,0.884926117,-0.123502188,0.227821777,C4,497
-0.645209521,-0.798096784,-0.887886375,-0.077682112,-0.152655151,0.514939644,C2,498
0.297016264,-0.916723636,-0.590683047,0.060168552,0.751853517,-0.27228183,C5,499
-0.624379926,-0.401512489,0.180873965,0.307885038,0.732969526,0.250696338,C4,500
0.171727139,-0.346941733,0.697346143,-0.131096215,-0.051193746,-0.059579311,C5,501
0.146284079,0.356911611,-0.572359912,-0.915598068,-0.454183464,0.052210486,C1,502
-0.695137775,0.707212891,0.009376207,-0.65627868,-0.085644439,-0.491610396,C1,503
-0.180595721,0.748164192,-0.52724513,-0.533835169,-0.504232194,-0.135115251,C1,504
-0.671203478,-0.966445007,-0.258443339,-0.801813853,-0.274430038,0.64868125,C2,505
0.85938104,-0.741892406,0.79722091,-0.662634795,0.106327385,-0.637568267,C5,506
-0.210544426,0.492501566,0.649978773,-0.411746766,-0.901683554,-0.103693459,C1,507
0.251711065,-0.204952139,-0.19406859,0.577775485,0.230785938,-0.051588721,C4,508
-0.31353011,-0.9549252,0.211715722,0.724888003,0.264758471,0.299397803,C5,509
-0.200229454,-0.918226228,0.136087594,0.730290022,0.910895743,0.183855936,C5,510
0.466769453,0.606146798,0.606410726,0.182111264,0.012733254,0.28293081,C3,511
0.924301604,0.246708077,-0.147756357,-0.2194143,-0.867828467,0.228032672,C3,512
0.573002628,-0.869834069,-0.131449486,0.56874951,-0.250921247,-0.498417208,C5,513
0.555726966,0.313828835,-0.244523159,0.833964344,-0.009817722,0.174403146,C4,514
-0.547411015,-0.891707734,-0.524447245,-0.803562086,-0.026243318,0.488130635,C2,515
-0.065205552,-0.55997835,-0.629065586,0.567043732,0.992871556,0.036513697,C5,516
0.339799945,0.386972024,-0.893607301,-0.074737477,-0.458597602,0.131493072,C2,517
-0.489233821,-0.525849796,0.297318242,0.672117176,0.943088525,0.257263505,C5,518
-0.667418768,0.044563883,-0.465311457,0.588682193,0.923238677,-0.029742772,C3,519
0.545423171,0.45725652,0.659257126,-0.315841151,-0.007527053,0.249398301,C3,520
-0.819340141,0.155569454,-0.672370589,-0.203731318,0.456496224,-0.127464298,C1,521
0.166410571,-0.052049224,-0.196211819,0.093677038,0.520723573,-0.008661541,C4,522
-0.002238441,0.476656925,0.455269422,-0.912449443,-0.365390325,-0.001066968,C1,523
-0.701759731,-0.867920941,-0.618076883,0.318328335,0.253093788,0.609071966,C3,524
-0.486998627,0.272292392,0.282468769,-0.574139496,-0.959872515,-0.132606021,C1,525
-0.660756643,0.818593025,0.004449082,-0.048908249,-0.302746787,-0.540890779,C1,526
0.438412009,-0.351653861,-0.20419093,-0.009921136,0.390974763,-0.154169276,C5,527
0.459957337,0.555168437,0.086152525,-0.928949114,0.126952478,0.255353796,C2,528
-0.445231777,-0.123615209,-0.598630097,0.227049477,0.349190863,0.055037419,C2,529
0.523304214,-0.522811508,0.97564874,0.82620768,0.758027555,-0.273589465,C5,530
0.496640072,-0.337932435,0.032123035,-0.154107739,0.456938477,-0.167830789,C5,531
-0.938308327,-0.927521518,0.929940917,0.127370583,0.054110555,0.870301163,C3,532
0.957770614,0.051165896,0.645254939,-0.80499293,-0.064924991,0.049005192,C4,533
-0.754122974,0.912122246,-0.796895631,-0.636024521,0.164326748,-0.687852341,C1,534
0.368418508,-0.705492394,0.438584802,-0.281269584,-0.223014372,-0.259916455,C5,535
0.841876131,-0.983807217,-0.089148731,-0.868163352,0.203162576,-0.828243813,C5,536
-0.526338865,-0.851848067,0.728428079,0.800808228,-0.7250144,0.448360745,C4,537
-0.027621838,-0.575236534,-0.774935855,-0.56951847,-0.13121064,0.01588909,C3,538
-0.396057514,-0.302489464,-0.418399871,0.24872008,0.072246303,0.119803225,C3,539
-0.219795452,-0.973494347,-0.421083305,-0.719040854,0.304721465,0.21396963,C3,540
0.4224265,-0.423061182,-0.508674276,0.198900749,-0.781944659,-0.178712254,C4,541
-0.21064108,0.400306184,0.453870097,0.967591481,-0.712639244,-0.084320927,C3,542
-0.638035517,0.061506062,-0.377350098,-0.546495722,0.662769074,-0.039243052,C1,543
-0.138065027,-0.343192888,-0.359152949,0.798231691,0.872539932,0.047382935,C4,544
0.894719437,-0.496362979,-0.510394376,-0.766161941,0.476915677,-0.444105606,C5,545
-0.795428244,-0.780977524,-0.986089114,-0.120080981,-0.946248424,0.62121158,C1,546
-0.547648631,0.787738704,0.003288238,0.613083569,-0.766828987,-0.431404023,C1,547
-0.348496677,-0.702328094,-0.131601089,0.041000458,0.981676623,0.244759007,C4,548
-0.215053935,0.675464196,0.897883614,0.052105915,0.015140236,-0.145261233,C3,549
0.425814896,0.977522381,0.157301409,-0.589112563,0.171984645,0.416243592,C1,550
-0.362221271,-0.454172063,-0.723722957,0.925698158,0.006454565,0.164510782,C3,551
-0.543839787,0.728312789,0.781952546,-0.658506758,0.036437159,-0.396085472,C1,552
-0.890948974,0.603366821,-0.975809052,-0.408491581,-0.320621375,-0.53756905,C1,553
-0.42416856,0.117845526,-0.340411705,0.412221797,-0.941476119,-0.049986367,C2,554
0.744094034,0.36753213,0.701062469,0.207716349,-0.775626705,0.273478465,C4,555
-0.205017129,-0.597446736,-0.870475013,0.831654564,0.205137134,0.122486814,C4,556
0.625706532,-0.132198741,-0.708600206,-0.64303465,-0.003404932,-0.082717616,C3,557
0.207596418,-0.992408943,-0.512122225,-0.226353682,-0.933293518,-0.206020542,C4,558
0.065977263,0.939085491,0.991417727,-0.292403353,0.449465666,0.061958291,C2,559
-0.973848948,-0.491028748,-0.377311717,-0.062195346,0.105132598,0.47818783,C1,560
-0.180849615,0.909777078,-0.99380412,0.779872314,-0.801164797,-0.164532835,C1,561
-0.330304105,0.359059631,-0.221403758,0.789477111,0.652646245,-0.11859887,C3,562
0.290917676,0.767849483,0.178454996,0.822745114,-0.54884062,0.223380987,C3,563
0.333958289,-0.535290075,0.905901349,0.533880853,-0.313687284,-0.178764558,C5,564
-0.901325335,0.872976537,-0.296708836,0.580264801,-0.588158493,-0.78683587,C1,565
-0.147750002,-0.807333591,0.6973803,0.179835579,0.417350457,0.11928354,C5,566
0.743078896,0.857559948,0.067027661,0.259483429,-0.752573568,0.637234699,C2,567
-0.982369464,0.797826835,-0.239674854,0.016164057,-0.093999981,-0.783760721,C1,568
-0.68797384,0.982106668,-0.228127118,0.131790232,0.885853843,-0.675663696,C1,569
-0.807793587,-0.727194159,0.725933999,0.285718986,0.715767078,0.587422778,C4,570
-0.29171729,0.171422856,0.326560259,-0.271880083,0.657345131,-0.050007011,C3,571
0.774795782,-0.786605141,0.810437946,-0.599910281,0.258993686,-0.609458346,C5,572
-0.393603363,0.971056709,0.655741372,-0.354520194,-0.050785517,-0.382211186,C1,573
-0.160380764,0.430624449,0.861335202,-0.574907426,0.265144047,-0.069063878,C3,574
0.972413528,0.500500442,-0.754790937,-0.636894183,0.782946806,0.4866934,C3,575
-0.753417195,0.331711004,-0.962650783,-0.780356876,0.52089111,-0.249916774,C1,576
0.602964202,-0.758130848,-0.266914439,-0.290860823,0.784119845,-0.457125762,C5,577
0.912750803,0.552748486,0.06347612,0.549980924,0.65671265,0.504521625,C4,578
-0.246727482,-0.909261988,0.565900752,0.525481189,0.686804166,0.224339921,C5,579
0.942824167,0.044154532,0.870453653,0.871407888,-0.805766634,0.04162996,C5,580
0.062554273,0.348833045,-0.678640187,0.141401127,-0.266670097,0.021820998,C2,581
0.944079543,0.471657401,-0.275745799,0.211706275,-0.036150299,0.445282104,C4,582
-0.732970357,0.646822836,-0.197085732,0.376121882,-0.563560399,-0.474101965,C1,583
0.455660074,0.739777235,0.427898307,0.629758137,-0.510634909,0.337086949,C3,584
0.927821859,0.078553166,-0.300317076,0.354885053,0.92883707,0.072883345,C5,585
0.567098472,-0.229752014,0.424718523,-0.984035796,0.364248444,-0.130292016,C4,586
0.45878003,-0.324147082,0.209389068,0.450020731,-0.04930379,-0.148712208,C5,587
-0.352057608,-0.844459375,-0.989133398,0.135904661,0.445801404,0.297298348,C3,588
0.422870725,0.999760436,-0.530848192,0.428978425,-0.857778186,0.422769421,C1,589
-0.516864513,0.66506939,-0.995463099,0.409845446,-0.787752577,-0.343750766,C1,590
0.337174942,-0.324563952,0.335697017,-0.998843373,-0.5414185,-0.109434832,C3,591
0.871151779,0.599001151,-0.073071434,-0.293270424,0.392770246,0.521820919,C3,592
-0.841535554,0.779189142,-0.058531144,0.911565619,0.443234032,-0.655715367,C2,593
-0.520332685,-0.174308394,0.803338957,0.430574222,-0.205352876,0.090698355,C4,594
-0.171859183,0.796751257,0.141902144,-0.996407145,-0.388137107,-0.13692902,C1,595
-0.244812415,-0.288241216,0.996913085,0.747572906,0.281316279,0.070565028,C5,596
-0.796634209,-0.680879796,-0.382068206,-0.271913636,-0.489257896,0.542412138,C1,597
0.723570601,0.128609314,0.556827462,0.225084979,-0.016930631,0.093057919,C5,598
0.666423136,0.299544383,0.264573209,0.818427251,-0.484989537,0.199623307,C4,599
0.524176562,-0.021490724,-0.689594544,-0.743135928,0.714270629,-0.011264934,C3,600
0.990793865,0.90229508,0.591825894,0.790643862,-0.641990387,0.89398843,C3,601
-0.424892871,-0.219080731,0.607528676,0.689901278,0.656723623,0.093085841,C4,602
-0.00682334,0.38434469,0.810611343,0.649450089,-0.509297123,-0.002622514,C4,603
-0.754479239,-0.68142098,-0.037096488,-0.21417378,-0.072647963,0.514117983,C2,604
-0.818399184,-0.265500639,0.912113171,0.327603491,-0.295655279,0.217285506,C3,605
-0.666766442,0.837786992,-0.19385251,0.438582367,0.618839756,-0.558608252,C2,606
0.828577865,0.832196281,0.863157238,0.134523293,-0.137658172,0.689539418,C3,607
0.813590131,0.857525997,0.730254366,-0.74816354,-0.095403367,0.697674688,C2,608
0.225210477,-0.173742688,0.692157262,-0.743731763,-0.180146912,-0.039128673,C4,609
0.833142175,-0.786368455,-0.980686156,-0.225832134,0.25299744,-0.655156725,C5,610
-0.091284524,0.658131848,-0.257113707,-0.677673019,-0.818015237,-0.060077253,C1,611
-0.294996702,-0.799103513,0.847997931,-0.52753165,-0.639126694,0.235732901,C4,612
-0.840876437,-0.547729358,0.425872299,-0.627043133,-0.84667169,0.460572711,C1,613
-0.983585123,-0.757253616,0.08785069,0.19362693,0.823418204,0.744823391,C3,614
-0.498086481,-0.310107967,0.964160558,0.318547749,-0.602136485,0.154460586,C4,615
0.987744348,0.710332666,0.591992051,-0.354082194,-0.060225253,0.701627076,C3,616
0.832808962,-0.994549234,0.503291084,-0.123075777,-0.226705575,-0.828269516,C5,617
-0.071059587,0.511637564,0.04109959,-0.776628098,-0.832009042,-0.036356754,C1,618
-0.137141941,-0.496066912,0.619702466,-0.62442358,0.467182299,0.068031579,C4,619
0.310546345,0.527159112,0.637703895,-0.175420992,-0.793078605,0.163707336,C2,620
0.146700888,-0.011908624,0.540952568,0.75814343,-0.732741055,-0.001747006,C4,621
-0.383858074,-0.896712685,0.245995464,0.042295993,-0.29954855,0.344210404,C4,622
0.162276849,0.659395489,0.469246888,0.061879121,-0.556928921,0.107004622,C2,623
0.454837709,0.705327733,-0.768381461,-0.13257608,-0.410132312,0.320809651,C1,624
-0.187155568,0.211305468,0.359830704,0.380531161,0.248279013,-0.039546995,C3,625
-0.15724086,0.485043538,0.596717661,-0.519326559,-0.041475976,-0.076268663,C2,626
-0.080027095,0.723387045,0.243091755,0.014569407,-0.672941356,-0.057890564,C1,627
0.207982709,-0.958816834,-0.655939395,0.454746854,-0.182962833,-0.199417322,C5,628
0.761855049,0.964744792,-0.410681078,-0.506593306,-0.435223082,0.734995691,C1,629
-0.363365411,0.653039556,-0.800616968,-0.813628846,0.56708284,-0.237291986,C1,630
-0.103597259,0.019010896,0.806136377,0.975953288,-0.636695876,-0.001969477,C4,631
0.172068852,-0.365569994,-0.550219946,-0.049836264,-0.649713168,-0.062903209,C3,632
0.028362196,0.253326464,-0.458166944,-0.849328737,-0.823437732,0.007184895,C1,633
0.513726879,0.043297852,0.598102564,-0.509530149,-0.546976673,0.022243271,C4,634
0.882302923,0.723663295,-0.726770144,0.310756121,0.571701946,0.63849024,C3,635
-0.845603618,0.82440198,-0.50765944,0.380397345,0.709228023,-0.697117297,C1,636
0.707805674,-0.058146431,-0.626376667,0.715232548,0.022870338,-0.041156374,C5,637
-0.122929341,0.190305602,0.411338241,-0.121298654,0.067886451,-0.023394142,C3,638
0.842567446,-0.411913857,0.809824506,0.124001609,-0.840543758,-0.347065206,C5,639
0.166133727,0.943797812,0.104112969,0.278148353,-0.398901367,0.156796648,C2,640
0.668407619,-0.860331968,0.570633636,0.027756536,-0.830637825,-0.575052442,C5,641
-0.04363124,-0.323862472,-0.923462782,-0.389875332,-0.676856442,0.014130521,C2,642
-0.985058851,0.740703728,0.202787381,0.374616934,-0.927463835,-0.729636763,C1,643
0.84007122,-0.727665186,-0.276000086,0.999755669,0.651070691,-0.611290581,C5,644
-0.32588455,-0.985784183,-0.006408754,-0.527628417,-0.520066223,0.321251835,C3,645
0.650521441,-0.410282765,-0.071862651,0.789791404,0.221911532,-0.266897735,C5,646
0.165923636,0.205105721,0.138942844,0.454142136,-0.458554732,0.034031887,C3,647
0.687454055,0.212384022,-0.686038984,0.565468033,0.139535587,0.146004257,C4,648
0.731845012,0.433413877,-0.551997456,0.234550958,-0.317263607,0.317191784,C3,649
-0.11866392,0.284630513,-0.235956863,0.149079914,0.602659104,-0.033775372,C3,650
-0.920083156,0.144787246,0.654712912,-0.59935346,0.276635359,-0.133216307,C2,651
0.178720412,0.49574456,-0.22110457,0.19008507,-0.400677755,0.088599672,C2,652
-0.892176057,-0.227447567,0.427334438,0.128567113,-0.18005433,0.202923274,C2,653
-0.02050871,0.497544421,-0.55786762,0.346676393,0.49288159,-0.010203994,C2,654
0.148684895,0.290987394,0.681834911,-0.373247184,-0.352510054,0.04326543,C3,655
-0.620531527,0.074146581,0.608283907,-0.103911973,0.989454549,-0.046010291,C3,656
-0.744492478,0.144742037,-0.554151299,-0.105868821,0.061323097,-0.107759358,C1,657
0.341345575,0.569636054,0.116428894,-0.143416175,-0.973439923,0.194442746,C2,658
0.659736278,0.522801399,0.918065102,0.214443911,0.88580667,0.344911049,C5,659
-0.783857728,0.924195905,-0.203104208,0.556628109,0.180320374,-0.724438102,C1,660
0.969746707,-0.584277886,0.410313356,0.496090376,-0.440998392,-0.566601555,C5,661
-0.705733782,-0.660892189,-0.587021902,-0.074196904,-0.504715606,0.466413944,C2,662
-0.831147423,-0.69815271,-0.940444956,-0.557975637,-0.512343303,0.580267826,C1,663
0.238353395,-0.536648961,-0.000830821,0.000985067,-0.290773892,-0.127912102,C4,664
-0.422267415,-0.083543433,0.656044315,-0.780777212,-0.236463252,0.03527767,C2,665
-0.372155628,0.779719621,0.229937019,0.666153469,0.181922481,-0.290177046,C2,666
-0.86895756,-0.888630071,0.998831123,-0.213243293,-0.054111522,0.772181818,C3,667
0.762250556,-0.271808089,0.260544053,0.300786868,0.610854688,-0.207185867,C5,668
-0.294618381,-0.059955875,-0.79964009,0.320856662,0.480405503,0.017664103,C3,669
-0.037512008,0.128343653,0.550708499,0.374654373,-0.467150886,-0.004814428,C3,670
0.794391257,0.282095758,-0.462607993,-0.566006786,0.677809465,0.224094404,C3,671
-0.301431171,-0.809915016,0.789695217,-0.481625795,-0.283099021,0.244133632,C4,672
-0.869150914,0.977110872,-0.99866351,-0.864218399,-0.897885676,-0.849256808,C1,673
0.645415974,0.123895114,-0.947763489,-0.824138351,0.976157455,0.079963886,C3,674
0.776064482,0.704653349,-0.823257384,-0.544242521,-0.717111731,0.546856436,C1,675
-0.154869929,-0.712591138,0.827605413,-0.154128591,0.192781591,0.110358939,C5,676
-0.310041227,-0.33671584,0.539795628,0.726621891,0.681632491,0.104395792,C5,677
0.636573012,0.772902876,0.384564233,-0.680913866,-0.035638057,0.492009112,C2,678
0.445500964,-0.825370682,-0.727350696,-0.185387903,-0.844514149,-0.367703435,C4,679
-0.710038255,-0.238318131,0.167629944,-0.708117919,-0.036675555,0.169214989,C2,680
-0.297706277,-0.277105095,0.016211091,0.958099446,0.037482744,0.082495926,C4,681
0.812204377,-0.203799245,-0.91142466,0.210927359,-0.872196097,-0.165526639,C4,682
-0.132924999,-0.661850732,0.610764151,-0.237155608,-0.210257618,0.087976508,C4,683
-0.775662919,-0.670781202,0.151446696,-0.28409284,0.610776074,0.520300105,C3,684
-0.104174621,-0.021478783,0.717496011,0.198883364,0.889013726,0.002237544,C4,685
-0.737864823,0.588230463,0.621361044,0.672480629,-0.688925561,-0.434034567,C2,686
0.545865493,-0.876026024,-0.254095949,0.688803671,-0.005984198,-0.478192378,C5,687
-0.071865783,-0.562656593,-0.080391235,0.885294196,-0.121542513,0.040435757,C5,688
-0.086878057,0.903178194,-0.570106724,-0.027133934,0.514053636,-0.078466366,C1,689
-0.244352365,0.255923927,-0.644077076,-0.809917112,0.182544303,-0.062535617,C1,690
0.774410669,0.540601072,-0.016667745,-0.70062688,0.817212703,0.418647238,C3,691
-0.177962729,0.706469623,-0.42024616,0.900687242,0.077257776,-0.125725262,C2,692
0.610966665,0.462990434,-0.826421127,-0.783749139,-0.272428949,0.282871721,C1,693
0.020559674,-0.213969643,-0.483063697,0.839917773,-0.697303619,-0.004399146,C3,694
-0.73837134,0.323924112,0.942120795,0.012595979,0.255309457,-0.23917628,C3,695
-0.692617269,0.300348426,0.393617005,0.352306889,0.753748824,-0.208026506,C3,696
-0.643925073,-0.889711262,-0.569451482,0.453018356,0.719440427,0.572907389,C4,697
0.436330125,0.214879507,-0.364450459,-0.269661781,-0.173684071,0.093758402,C3,698
-0.712034499,-0.585258868,-0.177290172,0.670859001,0.990768463,0.416724505,C4,699
-0.845095548,0.548752774,-0.187575937,-0.503695501,0.923732195,-0.463748526,C1,700
-0.771386167,0.187063419,-0.086210687,-0.484241778,-0.93460427,-0.144298134,C1,701
0.502555427,-0.48293437,-0.993927458,0.264213466,-0.013646419,-0.242701289,C4,702
0.316347573,-0.209157301,-0.78935634,0.106169731,-0.456975485,-0.066166405,C3,703
0.278566312,0.771745491,0.54472792,0.191250337,0.123359061,0.214982295,C3,704
-0.861893854,0.444279784,0.829997315,-0.399023567,0.485108392,-0.382922015,C2,705
0.274154523,0.83626755,0.377191503,0.619851435,-0.944986246,0.229266532,C2,706
-0.61596141,-0.913558337,0.455441722,0.274915836,0.326636397,0.562716681,C4,707
0.670363257,-0.831168954,0.742555028,-0.008367339,-0.244386263,-0.557185127,C5,708
0.364978144,0.684703043,-0.043824218,0.755406698,0.142863063,0.249901646,C3,709
0.331641241,0.415459521,0.850473877,0.049697325,0.102957051,0.137783511,C4,710
-0.536373799,0.755935119,-0.176645392,-0.791774449,-0.465578545,-0.405463792,C1,711
-0.43876247,0.997246222,0.984027784,-0.053614498,0.559275107,-0.437554216,C2,712
-0.965542848,0.42926593,0.598839781,0.832999121,-0.126083139,-0.414474648,C2,713
-0.770785334,0.285920903,0.940376373,0.779793872,-0.900968617,-0.220383639,C2,714
-0.45471971,-0.961027796,0.242474568,-0.069663943,0.744167621,0.436998281,C4,715
-0.768518034,0.806638363,-0.969937302,0.957806975,-0.490172732,-0.619916129,C1,716
0.337170692,0.877900286,-0.645620762,0.601540374,0.966261245,0.296002247,C3,717
0.112165342,0.852333428,-0.413791094,-0.22366038,-0.068252727,0.09560227,C1,718
0.15809671,0.443574161,0.98571048,-0.26895205,-0.93573818,0.070127615,C2,719
0.584048464,0.690702748,-0.559709535,0.240927978,-0.076038703,0.403403879,C2,720
0.990932451,0.939949132,0.106192991,0.601332468,0.853856441,0.931426098,C4,721
-0.703922714,-0.443160809,0.644934807,0.330679138,-0.040943848,0.311950959,C3,722
-0.049729944,0.400262008,0.996278135,0.248787276,-0.793217186,-0.019905007,C3,723
0.494644546,-0.896623736,0.596251482,0.022331468,0.795851793,-0.44351004,C5,724
-0.188742223,0.272875929,-0.187912662,0.968183842,0.166409522,-0.051503209,C3,725
0.691806111,0.246933502,0.426830998,0.759377573,0.951888485,0.170830105,C5,726
0.296531766,-0.850195501,-0.961030051,-0.489618802,0.556405228,-0.252109974,C4,727
0.972313282,0.978569711,0.939470748,-0.16759143,-0.502315519,0.951476327,C3,728
-0.468309274,0.314912543,0.11706675,-0.251467646,-0.35550101,-0.147476464,C1,729
0.692677999,-0.836946757,0.899187814,-0.155258639,0.779276351,-0.579734605,C5,730
-0.498842919,-0.362958262,0.546518513,-0.894461991,-0.544276002,0.181059159,C2,731
0.31340507,0.098758108,-0.857312869,-0.260750289,0.193677445,0.030951292,C3,732
0.572045932,0.293735449,-0.25213995,0.65704342,0.204861184,0.168030168,C4,733
-0.366450298,-0.030309925,-0.951847665,-0.338724083,0.222520298,0.011107081,C1,734
0.787583632,0.830954168,-0.45481619,-0.55744134,-0.979984349,0.654445901,C1,735
-0.96717756,0.244197547,0.787653317,-0.228993779,0.308004863,-0.236182388,C2,736
0.593992401,0.225243048,-0.110250373,0.837939602,0.857055039,0.133792659,C5,737
0.098171433,0.582880104,0.490033192,0.173803266,-0.365871076,0.057222175,C3,738
0.342463853,-0.868643414,-0.180240452,0.852142479,-0.931501971,-0.297478971,C5,739
0.578401424,0.992109526,0.475975469,-0.772828399,-0.433539307,0.573837563,C1,740
0.378373856,0.720353298,-0.792041155,-0.57997343,0.772020336,0.272562855,C1,741
0.177463277,-0.155354738,0.305740287,0.878567831,-0.523693834,-0.027569761,C4,742
-0.591453266,0.350734173,0.176879031,0.403390226,0.842161193,-0.207442872,C3,743
-0.5799329,0.80126694,-0.610968697,-0.12793698,-0.090091031,-0.464681061,C1,744
-0.238882828,0.61708861,0.217779077,0.077000293,-0.413857699,-0.147411872,C2,745
0.984394644,0.800707608,-0.014629685,-0.388679208,-0.358023757,0.788212281,C2,746
0.768241239,0.438100331,-0.731480963,-0.532543251,-0.375855089,0.336566741,C2,747
0.70043632,-0.174170337,0.662399302,0.001939551,0.777765864,-0.12199523,C5,748
0.427005896,-0.576757773,-0.216273008,0.761827141,-0.341682887,-0.24627897,C5,749
0.204635258,0.198118247,0.154144271,0.552527339,-0.150999858,0.040541979,C4,750
0.513832686,0.618876326,-0.44828597,0.681869245,-0.187905373,0.317998885,C3,751
-0.358289921,0.698078591,0.95398049,-0.705441171,-0.933921003,-0.250114523,C1,752
0.983249639,-0.019169052,-0.534564618,-0.297056182,0.578383792,-0.018847963,C5,753
-0.485842748,-0.839682917,-0.529943289,-0.971889821,0.287437836,0.407953856,C2,754
-0.910725496,0.849206588,-0.476748192,0.153004601,-0.222674185,-0.773394091,C1,755
-0.871402383,0.823593707,-0.943782026,-0.304190042,0.85639834,-0.717681519,C1,756
-0.999283266,0.846650344,-0.306674356,0.570705165,-0.986007223,-0.846043521,C1,757
0.594573087,-0.043342654,0.55947582,0.609033466,0.098557563,-0.025770375,C5,758
-0.18803245,-0.688309544,0.837949671,0.361359146,-0.202369158,0.12942453,C5,759
-0.954879,-1.81E-05,-0.97343632,-0.077908695,-0.886821001,1.72E-05,C1,760
-0.386341064,-0.357604198,-0.456691205,0.203345739,-0.12518097,0.138157186,C3,761
0.693129743,-0.914290111,-0.337689914,0.065825235,0.550896462,-0.633721669,C5,762
0.255822833,0.963178661,0.344128427,0.868429106,-0.96073038,0.246403094,C2,763
-0.325157528,-0.558253488,-0.822108204,-0.985469764,-0.590631174,0.181520324,C1,764
0.957250433,0.359934864,-0.038847075,-0.371884677,-0.221650923,0.344547804,C3,765
0.22833479,-0.308001813,0.712425919,-0.20145579,0.515809037,-0.070327529,C5,766
-0.916956633,-0.186387468,-0.364339627,-0.705535378,-0.499096498,0.170909225,C1,767
-0.31912577,0.960972868,-0.081151692,0.053808483,-0.722456961,-0.306671206,C1,768
0.395645224,-0.115276862,-0.888778436,-0.33663998,-0.761873361,-0.04560874,C2,769
-0.602701379,-0.034697744,-0.026556358,-0.653375535,0.072018916,0.020912378,C1,770
-0.642574185,-0.243413883,0.343864187,0.602299893,0.454812547,0.156411478,C4,771
0.39808858,0.159681683,0.998574523,-0.204365712,0.942660632,0.063567454,C5,772
-0.593598791,-0.839422036,-0.107547362,-0.386449874,-0.381152879,0.498279906,C2,773
0.894514393,0.748679106,-0.234732547,0.748985602,-0.991677239,0.669704236,C3,774
-0.984761616,0.570697641,-0.443013252,0.411636476,0.80381528,-0.562001131,C1,775
-0.617628885,-0.440898402,0.893396997,0.130568989,0.457387844,0.272311588,C4,776
-0.145101088,0.805101516,-0.520239296,-0.64564611,-0.284469683,-0.116821106,C1,777
0.159830117,-0.813918233,-0.692682997,0.082892232,0.792801541,-0.130088646,C5,778
0.502191334,-0.190674424,-0.194144715,-0.034520123,0.073994849,-0.095755043,C4,779
-0.285621821,-0.627641826,-0.823942087,-0.241588596,-0.662980564,0.179268201,C2,780
0.251677104,-0.172202815,-0.361853535,-0.219227304,0.30590678,-0.043339506,C4,781
-0.886072911,0.49162941,0.703303828,-0.771583501,-0.972157488,-0.435619502,C1,782
-0.787283175,-0.879179247,0.257036182,-0.144822038,-0.526770049,0.692163029,C2,783
0.917231795,-0.446206883,-0.011433059,-0.167766275,0.509766105,-0.40927514,C5,784
-0.982195485,-0.943570153,0.739155988,-0.695239598,-0.484442437,0.926770344,C2,785
-0.249582058,0.443363484,0.022047269,0.364067086,0.746534272,-0.110655571,C3,786
0.753453168,-0.841913622,-0.791225069,0.21754651,0.817178605,-0.634342486,C5,787
0.974855471,-0.447279812,0.247726586,-0.100543445,0.616713739,-0.436033172,C5,788
-0.853799887,-0.518196043,-0.249005225,-0.310781762,-0.615017168,0.442435723,C1,789
-0.629429507,-0.894745011,0.249109775,0.050154612,0.30777977,0.563178911,C4,790
-0.713681674,0.522270895,-0.402096042,0.990201847,-0.874626324,-0.372735166,C1,791
0.629827652,-0.853228521,-0.981683309,-0.785057795,-0.77411084,-0.537386916,C4,792
0.697579981,0.029302292,-0.073744567,-0.520717379,0.065705765,0.020440692,C4,793
-0.335170582,-0.04743724,0.777415319,0.378750753,0.108694531,0.015899567,C4,794
0.183478125,0.790996607,0.535026655,0.478688119,0.620942179,0.145130574,C3,795
-0.650932006,-0.478602224,0.429021438,0.485019735,-0.097825602,0.311537506,C3,796
0.94343365,-0.549294225,-0.534758627,0.81513195,0.24852135,-0.518222656,C5,797
0.627998082,0.651130984,-0.417936702,0.102089574,-0.381599955,0.408909009,C2,798
0.387365196,0.132704733,0.963844674,0.50078112,0.555984519,0.051405195,C5,799
0.401263178,-0.700068352,-0.457617001,-0.893952664,-0.423213408,-0.280911652,C4,800
-0.730487029,-0.681602488,0.52457394,0.908524285,-0.12735132,0.497901777,C4,801
-0.867715594,0.975545008,-0.597832542,-0.615069805,-0.250235113,-0.846495616,C1,802
0.999614512,0.440063511,-0.099214561,0.933529587,0.550474246,0.439893871,C5,803
0.194585271,-0.736635645,0.415341105,0.622359759,0.764017218,-0.143338447,C5,804
0.009796188,-0.100754452,-0.664309601,-0.249938375,0.022882515,-0.00098701,C2,805
-0.706259406,0.4931803,0.676168631,-0.046798261,0.3172177,-0.348313226,C2,806
0.655797547,0.414564399,0.296978893,-0.609453661,-0.153241813,0.271870316,C3,807
0.761795523,0.275994778,0.791380675,-0.578638406,0.952019161,0.210251586,C5,808
-0.119563926,-0.088138686,-0.248813714,0.067627521,-0.976118783,0.010538207,C2,809
0.512408128,0.935391783,-0.508956665,0.272412893,0.982220926,0.479302353,C2,810
0.299030966,-0.560965349,-0.909007348,-0.539239464,0.695564173,-0.16774601,C4,811
0.870626489,0.454637675,-0.398966163,-0.814227176,0.641040974,0.395819603,C3,812
-0.482339956,0.678962235,-0.75694884,-0.962712502,-0.932348054,-0.327490615,C1,813
0.152785931,-0.852496578,-0.740573259,0.687633169,-0.679849411,-0.130249483,C4,814
0.738543977,-0.265122834,0.227448748,0.753304871,-0.533257455,-0.195804873,C5,815
0.695900019,0.62774951,0.396155369,-0.101819385,-0.673182217,0.436850896,C3,816
0.255720794,0.099476696,-0.252213332,0.500121147,0.833269387,0.02543826,C4,817
0.677731691,0.890393902,0.321713494,-0.605104067,0.707967801,0.603448165,C2,818
-0.036289453,-0.439047615,-0.395286382,0.960244234,-0.224519017,0.015932798,C4,819
-0.082862917,0.933104993,0.997811697,0.641679799,-0.366853794,-0.077319801,C3,820
-0.165506716,-0.541875929,-0.283857887,0.338526888,-0.977580864,0.089684105,C3,821
0.03046284,-0.20909662,-0.725504578,-0.632616724,0.523103786,-0.006369677,C3,822
0.13486759,-0.497535493,-0.424737116,-0.42706635,-0.455330906,-0.067101413,C3,823
0.239821854,-0.979471894,0.304182198,0.728630049,-0.553125929,-0.234898766,C5,824
-0.155391847,0.772181817,-0.425514198,-0.287838541,-0.700802394,-0.119990759,C1,825
0.226022806,0.187524266,-0.695967858,-0.670048518,0.071812328,0.042384761,C2,826
-0.925228826,-0.740364259,-0.587959933,-0.959945284,-0.708549358,0.685006354,C1,827
-0.212197564,-0.487649832,-0.831429225,0.365037829,0.814308599,0.103478106,C4,828
0.136233037,-0.378611782,0.065009438,0.00597545,0.694903842,-0.051579433,C5,829
0.333660474,-0.792326009,-0.95397023,0.063215554,-0.762748516,-0.264367871,C4,830
0.257819405,0.591507859,0.980494867,0.112896256,0.224818411,0.152502204,C4,831
-0.686534446,0.692211049,0.056547788,-0.349666941,0.113527577,-0.475226729,C1,832
0.628588241,0.609605931,-0.155139459,0.388005302,0.492011803,0.38319112,C4,833
0.544845909,-0.934781149,-0.936078723,-0.754702366,-0.675456383,-0.509311685,C4,834
0.505303377,-0.704131415,0.938101932,0.019340324,0.128655311,-0.355799982,C5,835
0.664616314,0.273438187,0.905669197,0.519958363,0.828182635,0.18173148,C5,836
0.636546039,-0.715783553,-0.396251946,-0.737532535,-0.044430464,-0.455629186,C5,837
-0.781235084,-0.250352191,0.780158902,0.643780867,0.296090022,0.195583915,C4,838
0.203693091,-0.370729076,-0.536094955,0.228310835,0.241882223,-0.075514951,C4,839
-0.750070149,0.094622513,-0.415242891,0.727947333,-0.642982727,-0.070973523,C1,840
-0.217697119,0.075197649,-0.016690597,0.515921024,-0.604006107,-0.016370312,C3,841
0.614710373,0.413591821,-0.047499175,-0.450795816,0.174071481,0.254239183,C3,842
-0.04631013,-0.958309513,0.76314515,0.185591699,-0.940702896,0.044379438,C5,843
0.994020706,0.525765687,-0.885397888,0.126662648,0.976348278,0.52262198,C4,844
-0.851137718,0.08803436,-0.59513073,-0.319309075,0.974258602,-0.074929364,C1,845
-0.315231549,0.109560174,0.457403138,0.339379527,-0.155202599,-0.034536823,C3,846
-0.653566814,-0.808415696,-0.404173423,0.800361241,-0.466041974,0.528353671,C3,847
0.082840332,-0.047029172,-0.940029609,-0.058729563,-0.428896525,-0.003895912,C2,848
0.660501345,-0.00145493,-0.794509108,-0.336641067,-0.883045459,-0.000960983,C3,849
0.834265162,-0.148955348,-0.45555031,-0.204186638,0.916190236,-0.124268258,C5,850
-0.858730262,-0.58578444,0.533146742,0.683251168,-0.981950315,0.503030826,C3,851
-0.635104309,-0.436676291,0.835403964,0.975262984,-0.55653297,0.277334994,C4,852
-0.231645552,0.367418523,-0.854095203,0.077408074,0.183803214,-0.085110866,C1,853
-0.735050196,0.559543709,0.843720969,-0.545567509,0.591826922,-0.411292713,C2,854
-0.123129342,-0.796187446,0.535337602,0.224521916,0.068501317,0.098034037,C5,855
-0.088055626,-0.676505768,0.248800426,-0.949275498,-0.461825549,0.059570139,C3,856
-0.230280804,0.387616412,0.404103976,-0.634772,0.335724911,-0.089260619,C2,857
-0.259523347,-0.275645758,0.745304682,-0.642663323,-0.211351038,0.07153651,C3,858
-0.88931929,0.656330565,-0.09562848,-0.340812025,0.695233286,-0.583687432,C1,859
0.108551941,-0.888320975,-0.248384912,-0.434664277,-0.481559167,-0.096428966,C4,860
0.361244845,0.867281226,-0.385841824,-0.105385131,0.993881518,0.313300872,C2,861
0.209960147,-0.076557336,0.287334008,0.723847029,0.438661575,-0.016073989,C5,862
-0.631924365,0.26579045,-0.956228497,-0.78853437,-0.864852316,-0.167959461,C1,863
0.322244175,-0.505568736,0.10606415,-0.544794075,0.052391595,-0.16291658,C4,864
0.620614286,0.698980696,0.824920001,-0.885589534,-0.476450856,0.433797406,C2,865
-0.997603605,0.495132881,0.760830514,0.279880347,-0.700271974,-0.493946348,C1,866
0.658602533,0.304516538,-0.012016136,-0.892682758,0.958455181,0.200555363,C4,867
-0.836969031,0.85973392,0.098935521,0.566074225,0.549575412,-0.719570666,C2,868
-0.439911118,0.204515296,-0.563618914,0.304147445,-0.591549827,-0.089968553,C1,869
0.311408843,0.380049059,-0.904863941,0.779038198,-0.879686643,0.118350638,C2,870
0.272776709,-0.925988268,-0.738369241,-0.668172273,0.983221765,-0.252588033,C5,871
-0.069960721,-0.487371052,-0.388142913,-0.693615457,-0.5270669,0.03409683,C2,872
0.81889909,-0.684917352,0.096421841,-0.618129088,0.711476145,-0.560878196,C5,873
0.174954911,0.425534011,0.498540276,-0.947822567,-0.343145706,0.074449265,C2,874
-0.510178408,-0.53902439,-0.850123606,0.660866465,0.797851776,0.274998606,C3,875
-0.631247099,-0.975998082,-0.75691542,-0.557562926,0.338827887,0.616095958,C2,876
0.157790017,-0.454960435,0.25962648,-0.251898205,-0.603447847,-0.071788215,C4,877
0.900796626,-0.354049231,-0.948384587,-0.846312242,-0.795785085,-0.318926353,C3,878
-0.780147927,-0.809440363,0.940881233,0.529407928,-0.888769536,0.631483221,C3,879
0.454788159,0.433097972,0.891898682,0.158787991,0.763198705,0.196967829,C5,880
-0.372524977,0.957810063,-0.450538337,-0.280532148,0.375902979,-0.356808172,C1,881
-0.501850556,0.00542938,0.826780641,-0.867715276,0.922636001,-0.002724737,C3,882
-0.811009168,0.930934418,-0.791599345,-0.868908841,-0.703844492,-0.754996348,C1,883
-0.330657845,0.312847231,-0.87492125,0.211099481,-0.391158499,-0.103445391,C1,884
-0.345210478,0.229087859,0.252448947,0.221363952,-0.414961232,-0.079083529,C2,885
-0.588629487,-0.819148833,-0.639676135,0.560689898,-0.163601214,0.482175157,C3,886
0.550218009,0.077289398,-0.830061826,0.649057464,0.354181465,0.042526019,C4,887
0.028258803,-0.883996912,-0.111157755,-0.746018986,0.177357753,-0.024980695,C4,888
0.174475995,0.843619082,0.847970518,0.393966991,-0.319197893,0.147191279,C3,889
-0.542301206,0.192074355,-0.552750704,0.368535943,0.058424211,-0.104162154,C2,890
-0.48091381,0.03570559,-0.445161194,0.776107641,0.645170167,-0.017171311,C3,891
-0.144095226,-0.218589367,0.264140648,0.33133548,0.171375686,0.031497684,C4,892
-0.186099225,-0.802419302,0.31626842,0.488250985,0.820550933,0.14932961,C5,893
-0.980854317,-0.676727521,0.747496625,0.596681071,0.843676502,0.663771111,C4,894
0.917151074,0.546528653,0.534944583,0.367150235,-0.740078003,0.501249341,C4,895
0.173443799,-0.059982497,-0.564313082,-0.462367415,-0.776062654,-0.010403592,C2,896
0.450629709,-0.27936402,0.134449205,0.2564373,-0.57806868,-0.125889727,C4,897
-0.216001817,0.673718527,0.320074997,-0.087509626,-0.331063367,-0.145524426,C2,898
-0.565909064,0.438115395,0.111425085,-0.501101488,0.369502414,-0.247933473,C1,899
0.883399355,-0.402696476,-0.375419865,-0.393538123,-0.126252828,-0.355741807,C5,900
0.058804476,0.696058374,0.1666146,-0.257731706,-0.462048529,0.040931348,C1,901
0.361493538,0.252659141,-0.229074812,-0.057720662,0.786240189,0.091334647,C4,902
-0.689422939,0.546089553,0.075907295,-0.918980864,-0.841115177,-0.376486665,C1,903
-0.694874526,0.829498291,0.664401771,0.980660657,0.118901899,-0.576397232,C3,904
-0.390004888,-0.877394765,-0.354758305,0.566545704,-0.9911125,0.342188247,C3,905
0.009419387,-0.516076349,-0.96760048,0.334737837,0.966077835,-0.004861123,C4,906
-0.940365949,0.435656904,-0.526451546,0.629180293,-0.575131079,-0.409676918,C1,907
-0.680901803,0.43720351,-0.785631482,0.433924832,-0.131562235,-0.297692658,C1,908
-0.640068498,-0.290941249,0.842608808,-0.147042023,0.231653643,0.186222329,C3,909
0.474399701,0.302519427,-0.062776931,-0.021264723,0.763496258,0.143515126,C4,910
-0.630421793,-0.82822335,0.789223256,-0.544274331,-0.430452775,0.522130049,C3,911
0.147575603,0.35487183,0.343125481,0.526610282,0.672698788,0.052370424,C4,912
-0.099503809,0.133765333,-0.826270075,-0.570633216,0.891758319,-0.01331016,C2,913
-0.301326054,0.532807336,-0.5766231,-0.957094356,-0.786750163,-0.160548732,C1,914
0.889325128,-0.239317321,-0.318533061,0.151214796,-0.840338707,-0.212830907,C4,915
0.117258104,-0.791977036,-0.746520712,0.104216105,0.271959708,-0.092865726,C4,916
-0.953206684,0.786745489,0.836513761,-0.481019531,-0.478381357,-0.749931059,C1,917
-0.691888177,0.153719654,0.381653118,0.485664889,-0.539751563,-0.106356811,C2,918
-0.213572069,0.001589992,-0.619904421,-0.538083769,-0.447458968,-0.000339578,C1,919
0.84233905,0.787362992,0.820270277,-0.803050558,-0.321894178,0.663226595,C2,920
-0.374009986,-0.386849088,-0.784467991,-0.486668846,-0.198555281,0.144685422,C2,921
0.492133485,0.543771465,-0.623715253,0.145802374,0.223085337,0.267608146,C2,922
0.475728786,-0.000602452,-0.345176673,-0.082093519,-0.021727191,-0.000286604,C4,923
0.874748757,-0.821108278,-0.800103441,-0.224225137,0.194753842,-0.718263445,C5,924
-0.174170131,0.592901742,-0.099773447,0.815494128,0.772660138,-0.103265774,C3,925
-0.683412185,0.689550602,-0.060500275,-0.071414778,0.627674684,-0.471247283,C1,926
0.796745731,-0.548183034,-0.807936287,-0.262923441,-0.024815052,-0.436762492,C5,927
0.79508723,-0.217288451,0.627598417,0.872801763,0.25373125,-0.172763273,C5,928
-0.578154034,0.763238447,-0.431674079,0.43293518,0.518237282,-0.441269387,C1,929
-0.297924869,-0.064485645,0.861097799,-0.61175881,0.322953875,0.019211877,C3,930
0.88749254,0.608849824,0.53757499,-0.850579491,0.601823449,0.540349677,C3,931
-0.772533269,0.478744443,-0.525831532,-0.28661857,-0.81027948,-0.36984601,C1,932
-0.892701674,0.255243345,0.040353838,0.960322143,-0.38560532,-0.227856161,C2,933
0.371474319,0.138672783,-0.451245396,-0.619741377,0.380415044,0.051513378,C3,934
-0.027082321,0.745179713,0.258481558,0.0637678,-0.954062881,-0.020181196,C1,935
-0.154125736,0.047449215,-0.510842926,-0.673719791,0.459796939,-0.007313145,C2,936
-0.264491808,-0.756451964,0.952610798,-0.844414598,0.243684333,0.200075348,C4,937
-0.350455829,-0.00571922,0.263239997,0.056292286,-0.586830962,0.002004334,C2,938
-0.383689665,-0.352108687,0.193663971,-0.402748566,-0.411315549,0.135100464,C2,939
0.249255325,-0.471570765,-0.27684577,-0.613115024,-0.910587954,-0.117541524,C3,940
-0.825120658,-0.246663225,-0.998210022,0.748909338,-0.722394559,0.203526922,C1,941
-0.988044377,0.97528225,-0.393478707,0.283628615,0.011226922,-0.963622144,C1,942
0.659627869,-0.441703822,-0.265103369,-0.897144646,-0.734484601,-0.291360151,C4,943
0.802427716,-0.95346059,-0.450603546,-0.133242455,-0.297094916,-0.765083203,C5,944
0.249738226,0.773313073,-0.322558246,-0.088833858,0.412574012,0.193125835,C2,945
-0.671861946,0.7574496,0.589647329,0.098382603,0.32129888,-0.508901562,C2,946
-0.00777039,-0.405666543,0.947030053,0.620772289,0.958965776,0.003152187,C5,947
0.321833436,0.627797876,0.34489535,-0.106076908,0.979552844,0.202046348,C3,948
0.791535161,0.20400048,0.23250761,0.394196854,-0.773815239,0.161473552,C4,949
0.227628668,0.935822835,0.132430883,-0.359206005,0.576066979,0.213020105,C2,950
-0.78962773,-0.224069993,-0.136159427,-0.267285592,-0.990978796,0.17693188,C1,951
0.865242233,-0.134808513,-0.853821132,0.382221933,0.436172434,-0.116642019,C5,952
-0.78921017,-0.051133753,-0.916243845,0.325815898,0.214088146,0.040355278,C1,953
-0.162744724,0.984220166,-0.690739616,0.068657133,-0.97747128,-0.160176639,C1,954
0.051954904,-0.467439165,-0.76834726,0.054451581,0.076762834,-0.024285757,C4,955
0.956151276,0.186698745,0.647521006,0.226125614,0.88742552,0.178512243,C5,956
-0.775076051,-0.453957511,-0.04515034,-0.103895591,-0.624306841,0.351851595,C2,957
0.383491595,-0.400403616,-0.63850107,-0.456864958,0.858870855,-0.153551422,C4,958
0.021241195,0.146023226,-0.887447402,-0.906778443,-0.335219776,0.003101708,C1,959
-0.212079273,0.777537255,-0.758879987,0.912821159,-0.09255958,-0.164899536,C2,960
-0.427788375,-0.590574108,-0.758808772,-0.518399721,0.765444762,0.252640738,C3,961
0.745351461,0.589775107,-0.73792812,-0.44801222,-0.347184819,0.439589738,C2,962
-0.932020392,-0.161470206,0.596113954,-0.591642487,-0.759662236,0.150493525,C1,963
0.836581876,0.546259024,0.460523681,-0.075345081,0.018117875,0.456990399,C4,964
-0.328265993,0.277585326,0.613298923,0.098319118,0.677730779,-0.091121823,C3,965
0.844713251,0.333260549,-0.644584956,-0.681886683,0.489133865,0.281509602,C3,966
0.192543508,0.942440547,0.236576193,0.748272003,0.931611338,0.181460809,C3,967
-0.943276776,0.937623315,-0.207954438,-0.633661828,0.671840521,-0.884438298,C1,968
0.148017437,0.745183741,-0.505563293,0.224118609,-0.110342509,0.110300187,C2,969
0.855261402,-0.422534517,0.049498736,0.072071316,-0.537823802,-0.361377463,C5,970
0.627688257,0.106665672,0.998477152,-0.354159918,-0.281941573,0.06695279,C4,971
-0.415258024,-0.024777793,-0.875635001,-0.013549466,-0.8184267,0.010289178,C1,972
0.57916563,0.000121063,0.465926615,0.068677293,-0.245119597,7.01E-05,C4,973
0.023153288,0.846576508,0.866389815,0.643904156,0.654799495,0.01960103,C4,974
0.410060653,0.636787903,0.2448395,-0.897128962,0.638930001,0.261121663,C2,975
0.606644315,-0.860450765,0.58148078,-0.612982418,0.14679267,-0.521987565,C5,976
0.797143796,-0.365404911,-0.531308813,0.245450982,0.82312789,-0.291280258,C5,977
0.81787731,0.096820058,-0.866148075,-0.093215776,0.762813397,0.079186928,C4,978
-0.709908869,-0.067370311,0.269368763,0.583835253,-0.208116576,0.047826781,C3,979
0.929186852,0.574490563,0.878611376,-0.539110444,0.56284836,0.533809078,C4,980
0.450664654,-0.269157272,-0.373460211,0.863111919,0.859273929,-0.121299669,C5,981
-0.361915982,0.310638072,0.646655019,0.530526775,0.303342223,-0.112424883,C4,982
-0.332303864,0.137604852,0.522180113,-0.476586711,-0.015683809,-0.045726624,C2,983
-0.46115772,0.584464247,0.893524541,-0.816791213,-0.851895302,-0.2695302,C1,984
-0.799528244,0.571935935,-0.43948435,0.972947806,0.193039883,-0.457278934,C2,985
0.864089781,0.097639112,-0.685350316,-0.412317554,-0.874471354,0.084368959,C3,986
-0.282957547,0.883764748,0.050005,-0.624578096,0.070219626,-0.250067905,C1,987
-0.981782542,0.460188471,0.712219097,-0.707180577,0.78445104,-0.451805007,C1,988
0.938210081,-0.528827837,-0.30133749,0.42469487,-0.928441523,-0.496151608,C5,989
-0.5478389,0.208779882,-0.179073913,-0.300182076,-0.109119479,-0.114377741,C1,990
-0.094471617,0.720340603,0.189671815,-0.735698564,-0.83367041,-0.068051742,C1,991
0.565372558,0.735936299,0.76037561,0.265167442,0.345946329,0.416078188,C4,992
0.725539746,-0.907823629,-0.201004371,0.503182721,-0.860900388,-0.658662126,C5,993
0.198845309,0.347507309,0.951495057,0.353886457,0.856307008,0.069100198,C5,994
0.005208833,0.518031174,0.576960187,0.879745178,-0.858088985,0.002698338,C3,995
-0.785270264,0.154687679,-0.534744592,-0.129872915,0.836301641,-0.121471634,C2,996
-0.302158146,0.010146584,-0.733782574,-0.083674417,-0.925549016,-0.003065873,C1,997
0.23859192,0.337470159,0.209782983,-0.225243294,0.73092073,0.080517653,C4,998
-0.344787726,0.266313755,-0.217283686,-0.284942298,-0.728283847,-0.091821714,C1,999
0.216795637,0.936017014,0.513620218,-0.033640841,0.605561543,0.202924405,C3,1000